# LAAC idealized vessel path (IVC-RA-transseptal-LA-LAA)
# generated by generate_vessel_mesh.py - placeholder geometry
v 0.0349 0.0020 10.9999
v 0.2767 -4.2005 10.1626
v 0.4765 -7.7636 7.7781
v 0.6036 -10.1447 4.2095
v 0.6389 -10.9814 0.0000
v 0.5769 -10.1463 -4.2095
v 0.4271 -7.7665 -7.7781
v 0.2123 -4.2043 -10.1626
v -0.0349 -0.0020 -10.9999
v -0.2767 4.2005 -10.1626
v -0.4765 7.7636 -7.7781
v -0.6036 10.1447 -4.2095
v -0.6389 10.9814 -0.0000
v -0.5769 10.1463 4.2095
v -0.4271 7.7665 7.7781
v -0.2123 4.2043 10.1626
v 1.9597 0.1139 10.9938
v 2.1744 -4.0901 10.1566
v 2.3474 -7.6547 7.7722
v 2.4522 -10.0370 4.2037
v 2.4730 -10.8745 -0.0058
v 2.4066 -10.0396 -4.2152
v 2.2630 -7.6595 -7.7839
v 2.0642 -4.0964 -10.1685
v 1.8404 0.1072 -11.0059
v 1.6256 4.3112 -10.1687
v 1.4527 7.8758 -7.7843
v 1.3478 10.2581 -4.2158
v 1.3270 11.0956 -0.0063
v 1.3935 10.2607 4.2031
v 1.5370 7.8806 7.7718
v 1.7359 4.3175 10.1564
v 4.2722 0.2230 10.9769
v 4.4497 -3.9829 10.1399
v 4.5858 -7.5492 7.7558
v 4.6599 -9.9330 4.1875
v 4.6608 -10.7715 -0.0218
v 4.5882 -9.9369 -4.2312
v 4.4532 -7.5563 -7.8000
v 4.2764 -3.9922 -10.1847
v 4.0847 0.2129 -11.0223
v 3.9073 4.4188 -10.1854
v 3.7712 7.9851 -7.8013
v 3.6970 10.3689 -4.2329
v 3.6962 11.2074 -0.0236
v 3.7688 10.3728 4.1858
v 3.9037 7.9922 7.7545
v 4.0805 4.4281 10.1392
v 6.9094 0.3313 10.9515
v 7.0667 -3.8754 10.1148
v 7.1830 -7.4426 7.7309
v 7.2406 -9.8271 4.1627
v 7.2307 -10.6660 -0.0465
v 7.1548 -9.8315 -4.2559
v 7.0245 -7.4508 -7.8247
v 6.8596 -3.8861 -10.2095
v 6.6852 0.3197 -11.0473
v 6.5278 4.5264 -10.2106
v 6.4115 8.0935 -7.8266
v 6.3540 10.4780 -4.2584
v 6.3639 11.3169 -0.0493
v 6.4398 10.4825 4.1601
v 6.5701 8.1017 7.7289
v 6.7350 4.5371 10.1137
v 9.8388 0.4425 10.9200
v 9.9870 -3.7645 10.0834
v 10.0943 -7.3320 7.6995
v 10.1444 -9.7168 4.1314
v 10.1297 -10.5559 -0.0777
v 10.0523 -9.7215 -4.2871
v 9.9240 -7.3407 -7.8559
v 9.7645 -3.7758 -10.2408
v 9.5979 0.4303 -11.0787
v 9.4497 4.6373 -10.2420
v 9.3424 8.2048 -7.8582
v 9.2923 10.5896 -4.2901
v 9.3071 11.4287 -0.0809
v 9.3845 10.5943 4.1285
v 9.5127 8.2134 7.6973
v 9.6722 4.6486 10.0821
v 13.0251 0.5601 10.8845
v 13.1722 -3.6470 10.0478
v 13.2783 -7.2145 7.6640
v 13.3274 -9.5994 4.0959
v 13.3119 -10.4385 -0.1132
v 13.2344 -9.6041 -4.3226
v 13.1064 -7.2232 -7.8914
v 12.9476 -3.6584 -10.2763
v 12.7821 0.5478 -11.1142
v 12.6351 4.7549 -10.2775
v 12.5289 8.3224 -7.8937
v 12.4798 10.7073 -4.3256
v 12.4953 11.5464 -0.1165
v 12.5729 10.7120 4.0929
v 12.7008 8.3311 7.6617
v 12.8596 4.7663 10.0466
v 16.4319 0.6874 10.8470
v 16.5839 -3.5195 10.0103
v 16.6950 -7.0868 7.6265
v 16.7481 -9.4715 4.0583
v 16.7354 -10.3105 -0.1508
v 16.6586 -9.4761 -4.3602
v 16.5295 -7.0953 -7.9290
v 16.3677 -3.5306 -10.3139
v 16.1979 0.6754 -11.1517
v 16.0460 4.8823 -10.3150
v 15.9349 8.4497 -7.9311
v 15.8818 10.8344 -4.3630
v 15.8945 11.6734 -0.1539
v 15.9713 10.8390 4.0555
v 16.1004 8.4581 7.6243
v 16.2622 4.8934 10.0092
v 20.0219 0.8277 10.8099
v 20.1842 -3.3788 9.9731
v 20.3053 -6.9457 7.5891
v 20.3669 -9.3301 4.0209
v 20.3596 -10.1689 -0.1883
v 20.2845 -9.3344 -4.3977
v 20.1531 -6.9537 -7.9665
v 19.9853 -3.3892 -10.3513
v 19.8067 0.8165 -11.1891
v 19.6444 5.0229 -10.3522
v 19.5233 8.5899 -7.9683
v 19.4617 10.9743 -4.4001
v 19.4689 11.8131 -0.1908
v 19.5440 10.9786 4.0186
v 19.6755 8.5978 7.5873
v 19.8433 5.0333 9.9721
v 23.7574 0.9842 10.7752
v 23.9347 -3.2216 9.9383
v 24.0708 -6.7880 7.5541
v 24.1449 -9.1718 3.9858
v 24.1457 -10.0103 -0.2235
v 24.0731 -9.1757 -4.4329
v 23.9382 -6.7951 -8.0016
v 23.7614 -3.2310 -10.3864
v 23.5698 0.9741 -11.2240
v 23.3924 5.1800 -10.3871
v 23.2563 8.7463 -8.0029
v 23.1822 11.1302 -4.4346
v 23.1814 11.9686 -0.2253
v 23.2540 11.1340 3.9841
v 23.3889 8.7534 7.5528
v 23.5657 5.1893 9.9376
v 27.6002 1.1602 10.7451
v 27.7976 -3.0448 9.9080
v 27.9534 -6.6102 7.5237
v 28.0439 -8.9933 3.9553
v 28.0554 -9.8312 -0.2541
v 27.9861 -8.9965 -4.4635
v 27.8465 -6.6161 -8.0322
v 27.6580 -3.0525 -10.4169
v 27.4491 1.1518 -11.2544
v 27.2518 5.3567 -10.4173
v 27.0960 8.9221 -8.0330
v 27.0054 11.3052 -4.4645
v 26.9939 12.1432 -0.2552
v 27.0632 11.3084 3.9543
v 27.2028 8.9281 7.5230
v 27.3914 5.3645 9.9076
v 31.5122 1.3588 10.7218
v 31.7346 -2.8449 9.8845
v 31.9151 -6.4090 7.5001
v 32.0263 -8.7911 3.9316
v 32.0511 -9.6283 -0.2779
v 31.9859 -8.7934 -4.4874
v 31.8406 -6.4133 -8.0560
v 31.6373 -2.8505 -10.4406
v 31.4069 1.3527 -11.2780
v 31.1845 5.5564 -10.4407
v 31.0040 9.1205 -8.0563
v 30.8928 11.5026 -4.4877
v 30.8679 12.3398 -0.2783
v 30.9331 11.5049 3.9312
v 31.0784 9.1248 7.4999
v 31.2818 5.5620 9.8844
v 35.4548 1.5832 10.7074
v 35.7077 -2.6187 9.8700
v 35.9185 -6.1811 7.4855
v 36.0548 -8.5617 3.9168
v 36.0960 -9.3981 -0.2927
v 36.0359 -8.5628 -4.5022
v 35.8835 -6.1832 -8.0708
v 35.6621 -2.6213 -10.4553
v 35.4053 1.5803 -11.2926
v 35.1524 5.7822 -10.4552
v 34.9417 9.3447 -8.0707
v 34.8053 11.7252 -4.5020
v 34.7641 12.5616 -0.2925
v 34.8242 11.7263 3.9170
v 34.9766 9.3467 7.4856
v 35.1980 5.7849 9.8701
v 39.3891 1.8365 10.7040
v 39.6790 -2.3630 9.8666
v 39.9262 -5.9231 7.4821
v 40.0930 -8.3017 3.9134
v 40.1540 -9.1367 -0.2961
v 40.0999 -8.3011 -4.5056
v 39.9390 -5.9220 -8.0742
v 39.6957 -2.3616 -10.4587
v 39.4072 1.8380 -11.2960
v 39.1173 6.0375 -10.4586
v 38.8701 9.5976 -8.0741
v 38.7034 11.9762 -4.5054
v 38.6424 12.8113 -0.2958
v 38.6964 11.9756 3.9137
v 38.8573 9.5965 7.4823
v 39.1006 6.0361 9.8667
v 43.2761 2.1218 10.7138
v 43.6105 -2.0744 9.8766
v 43.9015 -5.6313 7.4921
v 44.1048 -8.0072 3.9236
v 44.1896 -8.8405 -0.2859
v 44.1428 -8.0043 -4.4954
v 43.9717 -5.6259 -8.0640
v 43.7022 -2.0675 -10.4486
v 43.3754 2.1293 -11.2859
v 43.0411 6.3255 -10.4487
v 42.7501 9.8824 -8.0643
v 42.5467 12.2583 -4.4957
v 42.4619 13.0916 -0.2862
v 42.5087 12.2554 3.9233
v 42.6798 9.8771 7.4919
v 42.9493 6.3186 9.8765
v 47.0762 2.4420 10.7389
v 47.4641 -1.7497 9.9020
v 47.8080 -5.3021 7.5179
v 48.0554 -7.6743 3.9496
v 48.1688 -8.5051 -0.2596
v 48.1309 -7.6682 -4.4691
v 47.9474 -5.2909 -8.0378
v 47.6462 -1.7351 -10.4225
v 47.2734 2.4578 -11.2602
v 46.8855 6.6495 -10.4233
v 46.5416 10.2018 -8.0393
v 46.2942 12.5740 -4.4710
v 46.1808 13.4049 -0.2617
v 46.2187 12.5679 3.9477
v 46.4022 10.1906 7.5165
v 46.7033 6.6349 9.9012
v 50.7492 2.7997 10.7812
v 51.2021 -1.3856 9.9451
v 51.6100 -4.9316 7.5618
v 51.9109 -7.2986 3.9941
v 52.0591 -8.1261 -0.2147
v 52.0318 -7.2881 -4.4240
v 51.8333 -4.9122 -7.9930
v 51.4938 -1.3602 -10.3781
v 51.0650 2.8272 -11.2165
v 50.6122 7.0125 -10.3804
v 50.2043 10.5586 -7.9970
v 49.9033 12.9255 -4.4294
v 49.7552 13.7530 -0.2205
v 49.7824 12.9150 3.9888
v 49.9809 10.5392 7.5577
v 50.3204 6.9872 9.9429
v 54.2540 3.1976 10.8428
v 54.7865 -0.9786 10.0081
v 55.2730 -4.5157 7.6262
v 55.6395 -6.8752 4.0597
v 55.8302 -7.6978 -0.1484
v 55.8161 -6.8583 -4.3575
v 55.5992 -4.4846 -7.9267
v 55.2127 -0.9379 -10.3127
v 54.7154 3.2417 -11.1523
v 54.1829 7.4179 -10.3176
v 53.6964 10.9550 -7.9357
v 53.3299 13.3144 -4.3692
v 53.1392 14.1370 -0.1611
v 53.1534 13.2976 4.0480
v 53.3702 10.9238 7.6172
v 53.7567 7.3772 10.0032
v 57.5501 3.6377 10.9254
v 58.1801 -0.5255 10.0932
v 58.7627 -4.0496 7.7137
v 59.2094 -6.3983 4.1493
v 59.4520 -7.2139 -0.0575
v 59.4538 -6.3723 -4.2662
v 59.2143 -4.0016 -7.8360
v 58.7701 -0.4628 -10.2235
v 58.1888 3.7056 -11.0652
v 57.5588 7.8687 -10.2330
v 56.9762 11.3929 -7.8535
v 56.5295 13.7415 -4.2890
v 56.2869 14.5572 -0.0822
v 56.2851 13.7156 4.1264
v 56.5246 11.3449 7.6962
v 56.9688 7.8060 10.0837
v 60.6342 4.1255 11.0688
v 61.3618 -0.0370 10.2369
v 62.0398 -3.5586 7.8523
v 62.5650 -5.9033 4.2782
v 62.8574 -6.7141 0.0586
v 62.8725 -5.8675 -4.1640
v 62.6080 -3.4925 -7.7469
v 62.1042 0.0495 -10.1445
v 61.4378 4.2191 -10.9919
v 60.7101 8.3816 -10.1600
v 60.0321 11.9032 -7.7754
v 59.5069 14.2479 -4.2013
v 59.2145 15.0587 0.0183
v 59.1994 14.2121 4.2409
v 59.4639 11.8370 7.8238
v 59.9677 8.2951 10.2214
v 63.6602 4.6611 11.3035
v 64.4698 0.4690 10.4661
v 65.2265 -3.0761 8.0599
v 65.8151 -5.4347 4.4515
v 66.1460 -6.2475 0.1900
v 66.1689 -5.3909 -4.0756
v 65.8802 -2.9953 -7.6961
v 65.3239 0.5747 -10.1202
v 64.5847 4.7754 -10.9789
v 63.7751 8.9675 -10.1414
v 63.0184 12.5126 -7.7353
v 62.4298 14.8712 -4.1268
v 62.0989 15.6840 0.1347
v 62.0760 14.8274 4.4003
v 62.3647 12.4318 8.0208
v 62.9210 8.8619 10.4449
v 66.6604 5.2389 11.5511
v 67.5447 1.0170 10.7081
v 68.3729 -2.5518 8.2804
v 69.0191 -4.9244 4.6376
v 69.3848 -5.7394 0.3343
v 69.4144 -4.8729 -3.9743
v 69.1034 -2.4566 -7.6324
v 68.4991 1.1414 -10.0830
v 67.6934 5.3735 -10.9531
v 66.8092 9.5953 -10.1101
v 65.9809 13.1642 -7.6824
v 65.3348 15.5367 -4.0396
v 64.9690 16.3518 0.2637
v 64.9394 15.4852 4.5724
v 65.2505 13.0690 8.2305
v 65.8548 9.4710 10.6811
v 69.6269 5.8554 11.8112
v 70.5850 1.6046 10.9630
v 71.4844 -1.9871 8.5140
v 72.1881 -4.3729 4.8371
v 72.5891 -5.1896 0.4921
v 72.6263 -4.3128 -3.8595
v 72.2939 -1.8761 -7.5553
v 71.6427 1.7496 -10.0325
v 70.7718 6.0124 -10.9141
v 69.8137 10.2632 -10.0659
v 68.9143 13.8549 -7.6169
v 68.2106 16.2407 -3.9400
v 67.8096 17.0573 0.4050
v 67.7725 16.1806 4.7566
v 68.1048 13.7438 8.4524
v 68.7560 10.1181 10.9296
v 72.5597 6.5084 12.0838
v 73.5907 2.2294 11.2305
v 74.5607 -1.3844 8.7605
v 75.3219 -3.7827 5.0498
v 75.7586 -4.6004 0.6633
v 75.8041 -3.7132 -3.7312
v 75.4517 -1.2559 -7.4646
v 74.7549 2.3972 -9.9686
v 73.8198 6.6900 -10.8620
v 72.7888 10.9690 -10.0088
v 71.8188 14.5827 -7.5387
v 71.0576 16.9810 -3.8280
v 70.6209 17.7988 0.5585
v 70.5754 16.9115 4.9530
v 70.9278 14.4543 8.6864
v 71.6246 10.8012 11.1904
v 75.4588 7.1956 12.3689
v 76.5617 2.8891 11.5108
v 77.6016 -0.7459 9.0201
v 78.4203 -3.1561 5.2757
v 78.8930 -3.9744 0.8479
v 78.9478 -3.0763 -3.5894
v 78.5764 -0.5985 -7.3605
v 77.8354 3.0818 -9.8914
v 76.8374 7.4042 -10.7968
v 75.7345 11.7107 -9.9387
v 74.6946 15.3458 -7.4480
v 73.8759 17.7559 -3.7037
v 73.4032 18.5742 0.7242
v 73.3484 17.6761 5.1614
v 73.7197 15.1983 8.9326
v 74.4608 11.5180 11.4635
v 78.3241 7.9150 12.6663
v 79.4978 3.5815 11.8038
v 80.6070 -0.0742 9.2925
v 81.4828 -2.4955 5.5148
v 81.9921 -3.3138 1.0458
v 82.0571 -2.4045 -3.4341
v 81.6680 0.0939 -7.2429
v 80.8841 3.8012 -9.8008
v 79.8247 8.1528 -10.7183
v 78.6510 12.4863 -9.8558
v 77.5418 16.1420 -7.3445
v 76.6660 18.5633 -3.5668
v 76.1567 19.3816 0.9022
v 76.0917 18.4723 5.3821
v 76.4808 15.9738 9.1909
v 77.2647 12.2666 11.7488
v 81.1556 8.6642 12.9762
v 82.3988 4.3042 12.1094
v 83.5765 0.6285 9.5779
v 84.5094 -1.8034 5.7671
v 85.0556 -2.6211 1.2571
v 85.1317 -1.7003 -3.2654
v 84.7263 0.8190 -7.1119
v 83.9011 4.5531 -9.6968
v 82.7817 8.9336 -10.6267
v 81.5385 13.2936 -9.7598
v 80.3608 16.9694 -7.2283
v 79.4279 19.4012 -3.4175
v 78.8818 20.2190 1.0925
v 78.8056 19.2981 5.6150
v 79.2110 16.7789 9.4615
v 80.0362 13.0447 12.0464
v 83.9533 9.4411 13.2985
v 85.2647 5.0550 12.4276
v 86.5101 1.3597 9.8761
v 87.4998 -1.0821 6.0324
v 88.0832 -1.8988 1.4816
v 88.1715 -0.9660 -3.0833
v 87.7512 1.5743 -6.9674
v 86.8863 5.3354 -9.5795
v 85.7085 9.7446 -10.5217
v 84.3971 14.1307 -9.6508
v 83.1517 17.8260 -7.0993
v 82.1620 20.2679 -3.2556
v 81.5786 21.0845 1.2951
v 81.4903 20.1517 5.8601
v 81.9106 17.6114 9.7442
v 82.7755 13.8504 12.3562
v 86.7171 10.2435 13.6332
v 88.0953 5.8316 12.7584
v 89.4074 2.1172 10.1870
v 90.4537 -0.3341 6.3107
v 91.0748 -1.1492 1.7194
v 91.1762 -0.2040 -2.8878
v 90.7424 2.3576 -6.8095
v 89.8396 6.1457 -9.4487
v 88.6051 10.5835 -10.4036
v 87.2269 14.9955 -9.5288
v 85.9148 18.7099 -6.9574
v 84.8685 21.1612 -3.0810
v 84.2474 21.9763 1.5102
v 84.1460 21.0311 6.1174
v 84.5797 18.4694 10.0391
v 85.4826 14.6814 12.6783
v 89.4469 11.0692 13.9802
v 90.8905 6.6317 13.1016
v 92.2684 2.8985 10.5107
v 93.3708 0.4382 6.6019
v 94.0300 -0.3748 1.9703
v 94.1456 0.5832 -2.6790
v 93.7000 3.1666 -6.6382
v 92.7610 6.9819 -9.3046
v 91.4715 11.4483 -10.2721
v 90.0280 15.8858 -9.3936
v 88.6501 19.6190 -6.8026
v 87.5477 22.0793 -2.8938
v 86.8885 22.8923 1.7378
v 86.7729 21.9342 6.3871
v 87.2185 19.3509 10.3463
v 88.1575 15.5356 13.0127
v 92.1428 11.9159 14.3395
v 93.6500 7.4529 13.4573
v 95.0926 3.7013 10.8471
v 96.2510 1.2324 6.9061
v 96.9487 0.4219 2.2343
v 97.0795 1.3934 -2.4570
v 96.6236 3.9988 -6.4536
v 95.6504 7.8416 -9.1470
v 94.3079 12.3367 -10.1273
v 92.8006 16.7998 -9.2452
v 91.3580 20.5513 -6.6349
v 90.1997 23.0203 -2.6939
v 89.5020 23.8307 1.9779
v 89.3712 22.8593 6.6692
v 89.8271 20.2538 10.6658
v 90.8003 16.4110 13.3592
v 94.8046 12.7815 14.7111
v 96.3739 8.2930 13.8255
v 97.8801 4.5231 11.1960
v 99.0939 2.0460 7.2230
v 99.8305 1.2386 2.5113
v 99.9778 2.2240 -2.2217
v 99.5133 4.8520 -6.2556
v 98.5078 8.7227 -8.9761
v 97.1143 13.2466 -9.9692
v 95.5450 17.7352 -9.0836
v 94.0387 21.5050 -6.4541
v 92.8249 23.9822 -2.4811
v 92.0883 24.7895 2.2306
v 91.9410 23.8042 6.9636
v 92.4055 21.1762 10.9975
v 93.4111 17.3055 13.7180
v 97.4322 13.6638 15.0949
v 99.0618 9.1496 14.2059
v 100.6304 5.3617 11.5574
v 101.8993 2.8767 7.5527
v 102.6753 2.0729 2.8013
v 102.8402 3.0726 -1.9733
v 102.3689 5.7238 -6.0442
v 101.3332 9.6228 -8.7918
v 99.8907 14.1759 -9.7976
v 98.2611 18.6901 -8.9086
v 96.6925 22.4780 -6.2602
v 95.4236 24.9631 -2.2554
v 94.6476 25.7669 2.4959
v 94.4827 24.7671 7.2705
v 94.9540 22.1159 11.3415
v 95.9897 18.2169 14.0890
v 100.0255 14.5605 15.4909
v 101.7136 10.0206 14.5986
v 103.3435 6.2146 11.9313
v 104.6670 3.7219 7.8950
v 105.4828 2.9222 3.1042
v 105.6665 3.9370 -1.7117
v 105.1903 6.6119 -5.8196
v 104.1266 10.5397 -8.5940
v 102.6373 15.1225 -9.6126
v 100.9493 19.6624 -8.7204
v 99.3194 23.4684 -6.0530
v 97.9959 25.9610 -2.0167
v 97.1801 26.7608 2.7740
v 96.9964 25.7460 7.5900
v 97.4726 23.0710 11.6978
v 98.5363 19.1432 14.4723
v 102.5846 15.4695 15.8990
v 104.3291 10.9035 15.0035
v 106.0189 7.0794 12.3175
v 107.3967 4.5794 8.2499
v 108.2527 3.7841 3.4199
v 108.4565 4.8146 -1.4371
v 107.9773 7.5140 -5.5817
v 106.8879 11.4713 -8.3828
v 105.3542 16.0841 -9.4142
v 103.6096 20.6501 -8.5187
v 101.9198 24.4742 -5.8326
v 100.5421 26.9741 -1.7650
v 99.6861 27.7694 3.0650
v 99.4822 26.7389 7.9220
v 99.9615 24.0396 12.0665
v 101.0509 20.0823 14.8677
v 105.1092 16.3885 16.3193
v 106.9082 11.7960 15.4206
v 108.6565 7.9537 12.7159
v 110.0880 5.4466 8.6172
v 110.9847 4.6563 3.7483
v 111.2101 5.7031 -1.1495
v 110.7299 8.4276 -5.3305
v 109.6172 12.4152 -8.1582
v 108.0414 17.0586 -9.2022
v 106.2424 21.6511 -8.3034
v 104.4940 25.4933 -5.5988
v 103.0626 28.0005 -1.5000
v 102.1659 28.7908 3.3688
v 101.9405 27.7440 8.2666
v 102.4207 25.0195 12.4476
v 103.5334 21.0319 15.2753
v 107.5979 17.3147 16.7514
v 109.4571 12.6983 15.8504
v 111.2694 8.8402 13.1282
v 112.7589 6.3279 8.9991
v 113.6989 5.5438 4.0919
v 113.9462 6.6072 -0.8465
v 113.4632 9.3563 -5.0642
v 112.3234 13.3726 -7.9190
v 110.7004 18.0445 -8.9764
v 108.8412 22.6610 -8.0754
v 107.0289 26.5190 -5.3532
v 105.5394 29.0313 -1.2241
v 104.5995 29.8155 3.6831
v 104.3522 28.7520 8.6215
v 104.8351 26.0029 12.8392
v 105.9749 21.9867 15.6940
v 109.9939 18.2417 17.6453
v 112.0106 13.4531 16.7153
v 113.9792 9.4564 13.8846
v 115.6000 6.8599 9.5841
v 116.6262 6.0589 4.4687
v 116.9015 7.1755 -0.6830
v 116.3842 10.0395 -5.0866
v 115.1528 14.2150 -8.0718
v 113.3950 19.0663 -9.1840
v 111.3782 23.8549 -8.2540
v 109.4096 27.8516 -5.4233
v 107.7889 30.4481 -1.1229
v 106.7627 31.2491 3.9926
v 106.4873 30.1326 9.1443
v 107.0047 27.2685 13.5479
v 108.2360 23.0930 16.5331
v 112.3317 19.2063 18.7796
v 114.5688 14.1786 17.8097
v 116.7529 9.9884 14.8275
v 118.5515 7.2734 10.2870
v 119.6908 6.4470 4.8795
v 119.9974 7.6351 -0.5718
v 119.4246 10.6567 -5.2370
v 118.0596 15.0518 -8.4058
v 116.1101 20.1514 -9.5958
v 113.8731 25.1790 -8.6259
v 111.6890 29.3693 -5.6437
v 109.8904 32.0843 -1.1033
v 108.7510 32.9107 4.3043
v 108.4444 31.7226 9.7556
v 109.0173 28.7010 14.4207
v 110.3823 24.3059 17.5896
v 114.6422 20.2129 19.9297
v 117.1024 14.9495 18.9211
v 119.5054 10.5692 15.7887
v 121.4854 7.7390 11.0093
v 122.7410 6.8896 5.3106
v 123.0810 8.1504 -0.4399
v 122.4536 11.3294 -5.3667
v 120.9544 15.9428 -8.7197
v 118.8116 21.2880 -9.9885
v 116.3514 26.5514 -8.9799
v 113.9484 30.9317 -5.8475
v 111.9684 33.7620 -1.0682
v 110.7128 34.6113 4.6305
v 110.3728 33.3505 10.3810
v 111.0002 30.1715 15.3078
v 112.4994 25.5582 18.6608
v 116.9230 21.2552 21.0943
v 119.6061 15.7578 20.0478
v 122.2289 11.1898 16.7660
v 124.3920 8.2466 11.7487
v 125.7661 7.3762 5.7595
v 126.1421 8.7113 -0.2896
v 125.4626 12.0485 -5.4777
v 123.8312 16.8797 -9.0151
v 121.4962 22.4695 -10.3632
v 118.8131 27.9669 -9.3166
v 116.1903 32.5349 -6.0349
v 114.0272 35.4781 -1.0175
v 112.6531 36.3484 4.9716
v 112.2771 35.0134 11.0207
v 112.9565 31.6762 16.2089
v 114.5879 26.8450 19.7462
v 119.1711 22.3265 22.2724
v 122.0761 16.5963 21.1884
v 124.9186 11.8422 17.7581
v 127.2661 8.7880 12.5035
v 128.7610 7.8987 6.2247
v 129.1758 9.3096 -0.1224
v 128.4473 12.8060 -5.5716
v 126.6865 17.8555 -9.2932
v 124.1615 23.6895 -10.7208
v 121.2565 29.4197 -9.6368
v 118.4139 34.1737 -6.2065
v 116.0665 37.2279 -0.9519
v 114.5716 38.1173 5.3269
v 114.1568 36.7063 11.6740
v 114.8852 33.2099 17.1232
v 116.6460 28.1604 20.8448
v 121.3837 23.4201 23.4627
v 124.5085 17.4575 22.3416
v 127.5702 12.5185 18.7632
v 130.1027 9.3549 13.2721
v 131.7205 8.4485 6.7044
v 132.1773 9.9371 0.0600
v 131.4035 13.5942 -5.6497
v 129.5169 18.8630 -9.5553
v 126.8048 24.9414 -11.0623
v 123.6800 30.9040 -9.9413
v 120.6183 35.8431 -6.3628
v 118.0858 39.0066 -0.8718
v 116.4680 39.9131 5.6959
v 116.0112 38.4245 12.3404
v 116.7850 34.7674 18.0500
v 118.6716 29.4985 21.9557
v 123.5577 24.5296 24.6640
v 126.8994 18.3343 23.5059
v 130.1788 13.2108 19.7798
v 132.8968 9.9391 14.0529
v 134.6396 9.0172 7.1970
v 135.1417 10.5856 0.2560
v 134.3268 14.4054 -5.7134
v 132.3190 19.8951 -9.8026
v 129.4239 26.2190 -11.3888
v 126.0822 32.4143 -10.2307
v 122.8027 37.5378 -6.5046
v 120.0848 40.8095 -0.7776
v 118.3420 41.7313 6.0782
v 117.8399 40.1630 13.0192
v 118.6547 36.3432 18.9887
v 120.6626 30.8534 23.0778
v 125.6900 25.6480 25.8752
v 129.2447 19.2190 24.6799
v 132.7398 13.9110 20.8062
v 135.6432 10.5320 14.8439
v 137.5129 9.5964 7.7007
v 138.0642 11.2468 0.4640
v 137.2132 15.2317 -5.7643
v 135.0895 20.9447 -10.0362
v 132.0164 27.5158 -11.7012
v 128.4617 33.9448 -10.5058
v 124.9665 39.2528 -6.6322
v 122.0631 42.6318 -0.6699
v 120.1935 43.5674 6.4734
v 119.6421 41.9171 13.7100
v 120.4931 37.9321 19.9383
v 122.6168 32.2192 24.2102
v 127.7772 26.7687 27.0949
v 131.5402 20.1042 25.8619
v 135.2481 14.6110 21.8406
v 138.3364 11.1252 15.6434
v 140.3351 10.1776 8.2136
v 140.9398 11.9124 0.6823
v 140.0584 16.0655 -5.8038
v 137.8252 22.0046 -10.2573
v 134.5801 28.8257 -12.0002
v 130.8172 35.4901 -10.7672
v 127.1093 40.9834 -6.7460
v 124.0210 44.4692 -0.5488
v 122.0223 45.4168 6.8811
v 121.4176 43.6820 14.4123
v 122.2989 39.5289 20.8984
v 124.5322 33.5897 25.3519
v 129.8160 27.8848 28.3217
v 133.7813 20.9823 27.0502
v 137.6983 15.3024 22.8812
v 140.9708 11.7100 16.4493
v 143.1005 10.7519 8.7337
v 143.7633 12.5739 0.9091
v 142.8581 16.8987 -5.8334
v 140.5229 23.0679 -10.4672
v 137.1132 30.1423 -12.2869
v 133.1479 37.0448 -11.0155
v 129.2309 42.7246 -6.8464
v 125.9584 46.3170 -0.4145
v 123.8287 47.2752 7.3011
v 123.1659 45.4531 15.1257
v 124.0711 41.1283 21.8682
v 126.4063 34.9591 26.5020
v 131.8027 28.9893 29.5543
v 135.9632 21.8453 28.2433
v 140.0848 15.9769 23.9260
v 143.5401 12.2776 17.2596
v 145.8031 11.3105 9.2590
v 146.5292 13.2229 1.1424
v 145.6080 17.7236 -5.8548
v 143.1795 24.1275 -10.6671
v 139.6137 31.4595 -12.5620
v 135.4532 38.6035 -11.2510
v 131.3316 44.4719 -6.9336
v 127.8763 48.1712 -0.2672
v 125.6133 49.1383 7.7333
v 124.8872 47.2259 15.8500
v 125.8085 42.7252 22.8471
v 128.2369 36.3214 27.6594
v 133.7336 30.0754 30.7913
v 138.0808 22.6855 29.4392
v 142.4015 16.6259 24.9727
v 146.0379 12.8190 18.0719
v 148.4364 11.8445 9.7873
v 149.2319 13.8507 1.3802
v 148.3032 18.5322 -5.8695
v 145.7918 25.1762 -10.8581
v 142.0799 32.7713 -12.8261
v 137.7327 40.1612 -11.4740
v 133.4120 46.2209 -7.0076
v 129.7756 50.0277 -0.1067
v 127.3771 51.0022 8.1778
v 126.5816 48.9960 16.5849
v 127.5103 44.3145 23.8346
v 130.0217 37.6705 28.8232
v 135.6045 31.1359 32.0310
v 140.1284 23.4947 30.6358
v 144.6416 17.2403 26.0190
v 148.4568 13.3249 18.8837
v 150.9934 12.3445 10.3160
v 151.8650 14.4484 1.6204
v 150.9391 19.3163 -5.8793
v 148.3566 26.2071 -11.0415
v 144.5106 34.0717 -13.0800
v 139.9867 41.7129 -11.6848
v 135.4736 47.9673 -7.0680
v 131.6583 51.8827 0.0673
v 129.1218 52.8631 8.6350
v 128.2501 50.7592 17.3306
v 129.1760 45.8913 24.8303
v 131.7585 39.0005 29.9925
v 137.4112 32.1636 33.2720
v 142.0999 24.2647 31.8309
v 146.7975 17.8112 27.0622
v 150.7888 13.7857 19.6921
v 153.4660 12.8009 10.8424
v 154.4217 15.0069 1.8605
v 153.5104 20.0677 -5.8862
v 150.8707 27.2130 -11.2184
v 146.9046 35.3548 -13.3242
v 142.2158 43.2538 -11.8831
v 137.5183 49.7072 -7.1145
v 133.5270 53.7328 0.2557
v 130.8497 54.7175 9.1053
v 129.8940 52.5115 18.0873
v 130.8054 47.4507 25.8340
v 133.4451 40.3054 31.1661
v 139.1489 33.1513 34.5122
v 143.9884 24.9868 33.0219
v 148.8609 18.3290 28.0993
v 153.0246 14.1914 20.4938
v 155.8456 13.2039 11.3633
v 156.8944 15.5169 2.0978
v 156.0113 20.7782 -5.8922
v 153.3309 28.1868 -11.3901
v 149.2612 36.6149 -13.5590
v 144.4216 44.7793 -12.0687
v 139.5491 51.4371 -7.1461
v 135.3855 55.5747 0.4594
v 132.5645 56.5622 9.5899
v 131.5157 54.2493 18.8554
v 132.3987 48.9880 26.8454
v 135.0791 41.5793 32.3433
v 140.8124 34.0915 35.7498
v 145.7859 25.6524 34.2061
v 150.8219 18.7839 29.1267
v 155.1536 14.5317 21.2851
v 158.1217 13.5431 11.8750
v 159.2742 15.9686 2.3291
v 158.4357 21.4389 -5.8995
v 155.7339 29.1213 -11.5579
v 151.5800 37.8462 -13.7847
v 146.6065 46.2853 -12.2409
v 141.5706 53.1537 -7.1616
v 137.2388 57.4060 0.6801
v 134.2708 58.3946 10.0902
v 133.1183 55.9691 19.6361
v 133.9567 50.4987 27.8646
v 136.6586 42.8163 33.5230
v 142.3961 34.9767 36.9827
v 147.4835 26.2523 35.3799
v 152.6691 19.1657 30.1403
v 157.1635 14.7958 22.0614
v 160.2825 13.8077 12.3732
v 161.5511 16.3520 2.5507
v 160.7764 22.0413 -5.9107
v 158.0761 30.0094 -11.7230
v 153.8615 39.0433 -14.0012
v 148.7741 47.7676 -12.3984
v 143.5885 54.8542 -7.1588
v 139.0941 59.2242 0.9201
v 135.9751 60.2123 10.6083
v 134.7065 57.6680 20.4308
v 135.4812 51.9787 28.8922
v 138.1815 44.0106 34.7045
v 143.8647 35.7835 38.2001
v 149.0784 26.7807 36.5414
v 154.4323 19.4860 31.1464
v 159.1115 15.0098 22.8366
v 162.4035 14.0337 12.8770
v 163.8072 16.7062 2.7839
v 163.1089 22.6206 -5.9061
v 160.4149 30.8762 -11.8701
v 156.1353 40.2165 -14.2001
v 150.9216 49.2193 -12.5414
v 145.5677 56.5140 -7.1464
v 140.8885 60.9902 1.1634
v 137.5965 61.9663 11.1230
v 136.1928 59.2938 21.2161
v 136.8911 53.3794 29.9061
v 139.5851 45.1238 35.8701
v 145.5077 36.6286 38.1418
v 150.6531 27.8116 36.5230
v 155.9755 20.6912 31.2498
v 160.6646 16.3514 23.1249
v 164.0065 15.4529 13.3853
v 165.4924 18.1325 3.5138
v 164.8962 23.9822 -4.9868
v 162.3086 32.1115 -10.8224
v 158.1235 41.2828 -13.1045
v 152.9780 50.0998 -11.4857
v 147.6557 57.2202 -6.2124
v 142.9666 61.5600 1.9125
v 139.6247 62.4585 11.6521
v 138.1388 59.7789 21.5236
v 138.7350 53.9292 30.0242
v 141.3226 45.7999 35.8597
v 147.0926 37.4532 38.0927
v 152.1984 28.8374 36.5230
v 157.5151 21.9054 31.3805
v 162.2332 17.7125 23.4479
v 165.6344 16.8971 13.9331
v 167.2008 19.5833 4.2844
v 166.6942 25.3621 -4.0290
v 164.1914 33.3538 -9.7417
v 160.0737 42.3417 -11.9839
v 154.9678 50.9575 -10.4142
v 149.6511 57.8895 -5.2716
v 144.9331 62.0824 2.6609
v 141.5319 62.8978 12.1758
v 139.9654 60.2116 21.8244
v 140.4721 54.4328 30.1379
v 142.9748 46.4411 35.8506
v 148.6516 38.2729 38.0603
v 153.7125 29.8557 36.5391
v 159.0155 23.1084 31.5263
v 163.7532 19.0582 23.7852
v 167.2043 18.3217 14.4942
v 168.8436 21.0109 5.0679
v 168.4213 26.7166 -3.0587
v 166.0019 34.5700 -8.6485
v 161.9536 43.3756 -10.8503
v 156.8927 51.7927 -9.3290
v 151.5897 58.5400 -4.3163
v 146.8520 62.5902 3.4249
v 143.4009 63.3268 12.7158
v 141.7616 60.6375 22.1421
v 142.1839 54.9318 30.2688
v 144.6033 47.0784 35.8585
v 150.1844 39.0866 38.0430
v 155.1949 30.8655 36.5693
v 160.4763 24.2992 31.6853
v 165.2245 20.3873 24.1344
v 168.7166 19.7254 15.0663
v 170.4210 22.4142 5.8615
v 170.0782 28.0445 -2.0787
v 167.7405 35.7590 -7.5454
v 163.7636 44.3832 -9.7064
v 158.7531 52.6043 -8.2327
v 153.4717 59.1707 -3.3486
v 148.7235 63.0825 4.2022
v 145.2314 63.7445 13.2703
v 143.5270 61.0556 22.4751
v 143.8698 55.4254 30.4153
v 146.2076 47.7109 35.8820
v 151.6904 39.8933 38.0392
v 156.6453 31.8657 36.6121
v 161.8974 25.4766 31.8554
v 166.6471 21.6987 24.4934
v 170.1713 21.1072 15.6469
v 171.9335 23.7921 6.6626
v 171.6654 29.3446 -1.0916
v 169.4077 36.9195 -6.4353
v 165.5043 45.3636 -8.5549
v 160.5494 53.3912 -7.1278
v 155.2973 59.7803 -2.3711
v 150.5476 63.5582 4.9908
v 147.0234 64.1497 13.8374
v 145.2612 61.4648 22.8217
v 145.5294 55.9123 30.5759
v 147.7870 48.3374 35.9196
v 153.1690 40.6920 38.0472
v 158.0632 32.8552 36.6654
v 163.2785 26.6395 32.0347
v 168.0210 22.9913 24.8600
v 171.5687 22.4659 16.2335
v 173.3814 25.1433 7.4686
v 173.1832 30.6160 -0.1003
v 171.0043 38.0506 -5.3210
v 167.1763 46.3155 -7.3986
v 162.2821 54.1523 -6.0169
v 157.0668 60.3679 -1.3861
v 152.3243 64.0162 5.7886
v 148.7766 64.5416 14.4151
v 146.9639 61.8641 23.1799
v 147.1621 56.3915 30.7489
v 149.3411 48.9568 35.9695
v 154.6197 41.4814 38.0652
v 159.4482 33.8328 36.7276
v 164.6194 27.7868 32.2212
v 169.3461 24.2639 25.2319
v 172.9088 23.8004 16.8238
v 174.7650 26.4669 8.2770
v 174.6322 31.8574 0.8927
v 172.5306 39.1512 -4.2050
v 168.7800 47.2379 -6.2400
v 163.9516 54.8865 -4.9024
v 158.7804 60.9325 -0.3959
v 154.0537 64.4554 6.5933
v 150.4910 64.9189 15.0014
v 148.6348 62.2524 23.5482
v 148.7676 56.8619 30.9326
v 150.8692 49.5681 36.0302
v 156.0421 42.2604 38.0916
v 160.7998 34.7975 36.7968
v 165.9196 28.9174 32.4128
v 170.6223 25.5155 25.6069
v 174.1918 25.1097 17.4153
v 176.0847 27.7617 9.0851
v 176.0128 33.0678 1.8846
v 173.9872 40.2201 -3.0902
v 170.3160 48.1299 -5.0818
v 165.5584 55.5928 -3.7870
v 160.4385 61.4729 0.5971
v 155.7358 64.8747 7.4030
v 152.1663 65.2806 15.5945
v 150.2734 62.6286 23.9247
v 150.3453 57.3225 31.1253
v 152.3710 50.1702 36.1000
v 157.4356 43.0280 38.1246
v 162.1176 35.7480 36.8711
v 167.1791 30.0302 32.6074
v 171.8495 26.7449 25.9828
v 175.4178 26.3925 18.0056
v 177.3407 29.0266 9.8905
v 177.3255 34.2460 2.8728
v 175.3745 41.2563 -1.9791
v 171.7848 48.9902 -3.9265
v 167.1028 56.2702 -2.6730
v 162.0413 61.9881 1.5907
v 157.3709 65.2733 8.2153
v 153.8026 65.6257 16.1925
v 151.8797 62.9917 24.3076
v 151.8949 57.7722 31.3253
v 153.8458 50.7619 36.1772
v 158.7998 43.7831 38.1625
v 163.4013 36.6834 36.9486
v 168.3974 31.1239 32.8031
v 173.0276 27.9510 26.3573
v 176.5868 27.6478 18.5923
v 178.5332 30.2604 10.6905
v 178.5705 35.3911 3.8546
v 176.6931 42.2588 -0.8745
v 173.1867 49.8179 -2.7769
v 168.5852 56.9176 -1.5629
v 163.5890 62.4771 2.5825
v 158.9589 65.6500 9.0284
v 155.3997 65.9532 16.7933
v 153.4533 63.3406 24.6952
v 153.4159 58.2099 31.5310
v 155.2934 51.3422 36.2601
v 160.1342 44.5245 38.2034
v 164.6505 37.6023 37.0273
v 169.5744 32.1974 32.9978
v 174.1564 29.1325 26.7282
v 177.6988 28.8743 19.1730
v 179.6624 31.4621 11.4825
v 179.7483 36.5018 4.8275
v 177.9433 43.2263 0.2212
v 174.5222 50.6118 -1.6353
v 170.0060 57.5340 -0.4592
v 165.0820 62.9389 3.5703
v 160.5001 66.0038 9.8399
v 156.9576 66.2620 17.3951
v 154.9940 63.6742 25.0856
v 154.9082 58.6345 31.7406
v 156.7132 51.9100 36.3469
v 161.4386 45.2510 38.2456
v 165.8648 38.5038 37.1055
v 170.7097 33.2496 33.1893
v 175.2358 30.2884 27.0931
v 178.7539 30.0710 19.7452
v 180.7285 32.6304 12.2641
v 180.8589 37.5771 5.7888
v 179.1253 44.1579 1.3051
v 175.7917 51.3710 -0.5045
v 171.3655 58.1183 0.6356
v 166.5206 63.3724 4.5519
v 161.9945 66.3336 10.6480
v 158.4764 66.5511 17.9959
v 156.5019 63.9916 25.4770
v 156.3714 59.0450 31.9523
v 158.1050 52.4641 36.4360
v 162.7126 45.9617 38.2872
v 167.0440 39.3867 37.1811
v 171.8031 34.2794 33.3755
v 176.2655 31.4174 27.4499
v 179.7519 31.2366 20.3065
v 181.7313 33.7643 13.0327
v 181.9026 38.6158 6.7359
v 180.2396 45.0524 2.3747
v 176.9954 52.0943 0.6131
v 172.6641 58.6694 1.7193
v 167.9050 63.7767 5.5249
v 163.4425 66.6386 11.4504
v 159.9562 66.8195 18.5939
v 157.9767 64.2918 25.8677
v 157.8055 59.4403 32.1645
v 159.4685 53.0037 36.5257
v 163.9560 46.6555 38.3266
v 168.1877 40.2497 37.2521
v 172.8543 35.2855 33.5544
v 177.2454 32.5184 27.7962
v 180.6926 32.3699 20.8544
v 182.6710 34.8624 13.7856
v 182.8794 39.6166 7.6660
v 181.2861 45.9087 3.4274
v 178.1337 52.7807 1.7149
v 173.9020 59.1864 2.7893
v 169.2354 64.1507 6.4871
v 164.8443 66.9178 12.2452
v 161.3971 67.0663 19.1871
v 159.4187 64.5738 26.2559
v 159.2103 59.8196 32.3754
v 160.8036 53.5275 36.6141
v 165.1687 47.3312 38.3618
v 169.2957 41.0920 37.3168
v 173.8629 36.2667 33.7238
v 178.1751 33.5901 28.1297
v 181.5757 33.4696 21.3863
v 183.5471 35.9236 14.5202
v 183.7891 40.5784 8.5766
v 182.2649 46.7255 4.4604
v 179.2065 53.4289 2.7983
v 175.0796 59.6682 3.8433
v 170.5123 64.4935 7.4363
v 166.2001 67.1701 13.0303
v 162.7995 67.2906 19.7738
v 160.8281 64.8366 26.6399
v 160.5861 60.1817 32.5835
v 162.1103 54.0347 36.6997
v 166.3506 47.9880 38.3911
v 170.3678 41.9122 37.3731
v 174.8287 37.2220 33.8815
v 179.0542 34.6313 28.4480
v 182.4010 34.5345 21.8998
v 184.3595 36.9465 15.2338
v 184.6316 41.4999 9.4648
v 183.1759 47.5016 5.4711
v 180.2140 54.0379 3.8607
v 176.1968 60.1137 4.8788
v 171.7359 64.8039 8.3703
v 167.5104 67.3946 13.8038
v 164.1637 67.4914 20.3520
v 162.2051 65.0794 27.0180
v 161.9330 60.5260 32.7870
v 163.3887 54.5243 36.7807
v 167.4937 48.6200 38.4088
v 171.3997 42.7070 37.4169
v 175.7517 38.1502 34.0256
v 179.8871 35.6434 28.7511
v 183.1763 35.5682 22.3966
v 185.1185 37.9361 15.9293
v 185.4182 42.3865 10.3339
v 184.0296 48.2420 6.4622
v 181.1642 54.6111 4.9037
v 177.2582 60.5242 5.8956
v 172.9062 65.0810 9.2869
v 168.7708 67.5878 14.5613
v 165.4816 67.6630 20.9158
v 163.5394 65.2951 27.3831
v 163.2397 60.8446 32.9785
v 164.6283 54.9891 36.8502
v 168.5013 49.1691 38.3114
v 172.3350 43.4623 37.3737
v 176.6236 39.0836 34.1211
v 180.7142 36.6997 29.0489
v 183.9841 36.6735 22.9291
v 185.9354 39.0089 16.6936
v 186.2711 43.3504 11.2915
v 184.9401 49.0372 7.5454
v 182.1450 55.2033 6.0254
v 178.3113 60.9101 6.9631
v 174.0227 65.2888 10.2157
v 169.9321 67.6727 15.2880
v 166.6622 67.6990 21.4077
v 164.7109 65.3635 27.6433
v 164.3752 61.0220 33.0453
v 165.7062 55.3353 36.7915
v 169.2966 49.6042 38.0200
v 173.0999 44.1720 37.1774
v 177.3769 40.0405 34.1242
v 181.4767 37.8388 29.3254
v 184.7749 37.9020 23.5115
v 186.7696 40.2205 17.5677
v 187.1570 44.4414 12.3987
v 185.8782 49.9220 8.7916
v 183.1278 55.8280 7.2955
v 179.3246 61.2603 8.1382
v 175.0475 65.3918 11.1913
v 170.9478 67.5935 15.9901
v 167.6495 67.5303 21.8040
v 165.6548 65.2117 27.7478
v 165.2674 60.9909 32.9168
v 166.5462 55.5102 36.5239
v 169.9446 49.9648 37.6678
v 173.7251 44.8154 36.9304
v 178.0029 40.9433 34.0913
v 182.1267 38.9380 29.5828
v 185.4686 39.1049 24.0913
v 187.5200 41.4184 18.4528
v 187.9684 45.5264 13.5258
v 186.7457 50.8035 10.0602
v 184.0379 56.4463 8.5838
v 180.2573 61.5957 9.3213
v 175.9796 65.4678 12.1603
v 171.8558 67.4731 16.6688
v 168.5139 67.3063 22.1603
v 166.4625 64.9927 27.7988
v 166.0141 60.8847 32.7259
v 167.2368 55.6076 36.1914
v 170.5052 50.2803 37.2798
v 174.2493 45.4089 36.6458
v 178.5147 41.7933 34.0220
v 182.6521 39.9839 29.8079
v 186.0316 40.2563 24.6450
v 188.1388 42.5689 19.3193
v 188.6527 46.5697 14.6417
v 187.4952 51.6496 11.3242
v 184.8425 57.0352 9.8719
v 181.0984 61.9066 10.5059
v 176.8330 65.5222 13.1297
v 172.6956 67.3316 17.3438
v 169.3161 67.0592 22.5067
v 167.2089 64.7466 27.8324
v 166.6950 60.7458 32.5100
v 167.8525 55.6659 35.8275
v 171.0065 50.5639 36.8666
v 174.6950 45.9612 36.3300
v 178.9284 42.5940 33.9180
v 183.0621 40.9748 29.9977
v 186.4668 41.3501 25.1661
v 188.6241 43.6628 20.1586
v 189.2057 47.5608 15.7376
v 188.1230 52.4507 12.5762
v 185.5408 57.5880 11.1557
v 181.8523 62.1907 11.6923
v 177.6189 65.5579 14.1043
v 173.4852 67.1772 18.0246
v 170.0805 66.8018 22.8563
v 167.9231 64.4891 27.8637
v 167.3415 60.5911 32.2847
v 168.4243 55.7012 35.4461
v 171.4784 50.8325 36.4442
v 175.0874 46.4845 35.9932
v 179.2623 43.3512 33.7826
v 183.3674 41.9096 30.1489
v 186.7778 42.3792 25.6454
v 188.9743 44.6886 20.9575
v 189.6225 48.4861 16.7990
v 188.6237 53.1936 13.8031
v 186.1300 58.0944 12.4258
v 182.5210 62.4424 12.8767
v 178.3461 65.5757 15.0873
v 174.2410 67.0173 18.7210
v 170.8306 66.5477 23.2246
v 168.6341 64.2383 27.9125
v 167.9859 60.4408 32.0709
v 168.9847 55.7334 35.0668
v 171.9514 51.1060 36.0339
v 175.4528 46.9936 35.6503
v 179.5367 44.0733 33.6225
v 183.5814 42.7895 30.2593
v 186.9711 43.3378 26.0727
v 189.1898 45.6347 21.7000
v 189.8997 49.3305 17.8069
v 188.9927 53.8626 14.9862
v 186.6069 58.5410 13.6673
v 183.1055 62.6534 14.0509
v 179.0216 65.5738 16.0786
v 174.9769 66.8575 19.4418
v 171.5872 66.3092 23.6285
v 169.3685 64.0123 28.0012
v 168.6586 60.3165 31.8942
v 169.5656 55.7844 34.7149
v 172.4533 51.4042 35.6605
v 175.8168 47.5051 35.3199
v 179.7734 44.7713 33.4479
v 183.7207 43.6189 30.3295
v 187.0576 44.2235 26.4395
v 189.2763 46.4930 22.3702
v 190.0390 50.0819 18.7410
v 189.2294 54.4438 16.1044
v 186.9709 58.9146 14.8619
v 183.6074 62.8137 15.2025
v 179.6508 65.5475 17.0746
v 175.7036 66.6998 20.1929
v 172.3666 66.0952 24.0829
v 170.1479 63.8257 28.1522
v 169.3853 60.2369 31.7814
v 170.1948 55.8750 34.4180
v 173.0072 51.7431 35.3488
v 176.2029 48.0341 35.0226
v 179.9945 45.4578 33.2725
v 183.8046 44.4064 30.3651
v 187.0533 45.0401 26.7429
v 189.2460 47.2622 22.9574
v 190.0488 50.7346 19.5849
v 189.3395 54.9286 17.1388
v 187.2261 59.2056 15.9915
v 184.0304 62.9146 16.3177
v 180.2388 65.4909 18.0678
v 176.4287 66.5423 20.9752
v 173.1800 65.9086 24.5974
v 170.9873 63.6865 28.3829
v 170.1845 60.2141 31.7554
v 170.8938 56.0201 34.2015
v 173.6304 52.1315 35.1175
v 176.6308 48.5919 34.7769
v 180.2213 46.1453 33.1124
v 183.8552 45.1642 30.3774
v 186.9792 45.7981 26.9883
v 189.1178 47.9503 23.4609
v 189.9454 51.2932 20.3324
v 189.3360 55.3180 18.0790
v 187.3824 59.4118 17.0438
v 184.3819 62.9514 17.3844
v 180.7914 65.3980 19.0489
v 177.1575 66.3791 21.7839
v 174.0335 65.7452 25.1730
v 171.8949 63.5930 28.7004
v 171.0673 60.2501 31.8289
v 171.6767 56.2253 34.0823
v 174.3339 52.5694 34.9755
v 177.1163 49.1837 34.5959
v 180.4740 46.8441 32.9832
v 183.8957 45.9066 30.3829
v 186.8606 46.5141 27.1908
v 188.9173 48.5740 23.8930
v 189.7526 51.7728 20.9914
v 189.2394 55.6234 18.9279
v 187.4559 59.5397 18.0166
v 184.6734 62.9254 18.3961
v 181.3158 65.2651 20.0088
v 177.8940 66.2025 22.6092
v 174.9291 65.5950 25.8012
v 172.8724 63.5351 29.0990
v 172.0371 60.3363 32.0006
v 172.5503 56.4857 34.0641
v 175.1229 53.0487 34.9191
v 177.6709 49.8088 34.4840
v 180.7707 47.5610 32.8972
v 183.9505 46.6477 30.4004
v 186.7261 47.2079 27.3737
v 188.6750 49.1563 24.2778
v 189.5004 52.1963 21.5841
v 189.0768 55.8650 19.7026
v 187.4686 59.6040 18.9199
v 184.9206 62.8440 19.3550
v 181.8208 65.0917 20.9417
v 178.6411 66.0050 23.4385
v 175.8655 65.4448 26.4652
v 173.9166 63.4964 29.5611
v 173.0911 60.4565 32.2548
v 173.5147 56.7877 34.1363
v 175.9975 53.5563 34.9340
v 178.3021 50.4611 34.4372
v 181.1275 48.2991 32.8621
v 184.0434 47.3993 30.4485
v 186.6061 47.8988 27.5638
v 188.4253 49.7214 24.6472
v 189.2241 52.5898 22.1428
v 188.8808 56.0673 20.4317
v 187.4478 59.6243 19.7746
v 185.1432 62.7195 20.2714
v 182.3179 64.8815 21.8464
v 179.4019 65.7813 24.2601
v 176.8392 65.2818 27.1447
v 175.0200 63.4592 30.0613
v 174.2212 60.5908 32.5658
v 174.5645 57.1133 34.2768
v 176.9536 54.0779 34.9997
v 179.0139 51.1328 34.4454
v 181.5577 49.0580 32.8799
v 184.1976 48.1694 30.5416
v 186.5317 48.6023 27.7865
v 188.2047 50.2908 25.0341
v 188.9619 52.9778 22.7032
v 188.6880 56.2543 21.1489
v 187.4247 59.6214 20.6077
v 185.3644 62.5665 21.1620
v 182.8206 64.6413 22.7275
v 180.1807 65.5299 25.0658
v 177.8466 65.0970 27.8209
v 176.1736 63.4085 30.5734
v 175.4164 60.7215 32.9042
v 175.6903 57.4450 34.4585
v 177.9851 54.6020 35.0956
v 179.8078 51.8161 34.4959
v 182.0721 49.8357 32.9485
v 184.4334 48.9624 30.6891
v 186.5321 49.3292 28.0615
v 188.0488 50.8802 25.4658
v 188.7525 53.3792 23.2972
v 188.5361 56.4459 21.8858
v 187.4326 59.6133 21.4466
v 185.6099 62.3993 22.0462
v 183.3456 64.3796 23.5936
v 180.9843 65.2529 25.8530
v 178.8856 64.8861 28.4806
v 177.3689 63.3351 31.0763
v 176.6652 60.8361 33.2449
v 176.8816 57.7694 34.6563
v 179.0867 55.1212 35.2050
v 180.6843 52.5053 34.5770
v 182.6794 50.6297 33.0634
v 184.7683 49.7798 30.8946
v 186.6329 50.0852 28.4007
v 187.9894 51.4992 25.9615
v 188.6313 53.8066 23.9482
v 188.4608 56.6562 22.6674
v 187.5039 59.6140 22.3141
v 185.9063 62.2299 22.9421
v 183.9112 64.1055 24.4557
v 181.8224 64.9554 26.6245
v 179.9577 64.6500 29.1184
v 178.6012 63.2360 31.5576
v 177.9594 60.9286 33.5709
v 178.1299 58.0790 34.8517
v 180.2560 55.6326 35.3181
v 181.6452 53.1978 34.6807
v 183.3870 51.4381 33.2198
v 185.2165 50.6215 31.1581
v 186.8550 50.8723 28.8092
v 188.0531 52.1523 26.5309
v 188.6284 54.2667 24.6700
v 188.4933 56.8935 23.5097
v 187.6684 59.6329 23.2268
v 186.2793 62.0677 23.8643
v 184.5374 63.8274 25.3251
v 182.7080 64.6440 27.3869
v 181.0695 64.3932 29.7357
v 179.8714 63.1132 32.0140
v 179.2961 60.9988 33.8749
v 179.4311 58.3720 35.0352
v 181.4886 56.1351 35.4272
v 182.6929 53.8929 34.8019
v 184.2064 52.2617 33.4171
v 185.7985 51.4899 31.4837
v 187.2269 51.6950 29.2959
v 188.2741 52.8456 27.1869
v 188.7808 54.7667 25.4776
v 188.6696 57.1658 24.4284
v 187.9577 59.6776 24.1990
v 186.7533 61.9198 24.8243
v 185.2399 63.5510 26.2090
v 183.6477 64.3228 28.1425
v 182.2193 64.1177 30.3303
v 181.1721 62.9671 32.4393
v 180.6655 61.0460 34.1485
v 180.7766 58.6469 35.1977
v 182.3905 56.4222 36.1890
v 183.5823 54.1200 35.5252
v 185.0777 52.4375 34.0780
v 186.6490 51.6311 32.0675
v 188.0571 51.8234 29.8000
v 189.0875 52.9852 27.6206
v 189.5834 54.9395 25.8612
v 189.4694 57.3889 24.7894
v 188.7626 59.9605 24.5687
v 187.5709 62.2628 25.2324
v 186.0755 63.9452 26.6797
v 184.5042 64.7516 28.6901
v 183.0961 64.5593 30.9576
v 182.0657 63.3976 33.1370
v 181.5697 61.4432 34.8965
v 181.6838 58.9938 35.9682
v 183.1336 56.6084 37.2760
v 184.3961 54.1183 36.5457
v 185.9758 52.2932 34.9640
v 187.6322 51.4110 32.7717
v 189.1132 51.6062 30.3025
v 190.1933 52.8488 27.9324
v 190.7080 54.9498 26.0221
v 190.5790 57.5893 24.8626
v 189.8259 60.3655 24.6303
v 188.5634 62.8557 25.3606
v 186.9837 64.6808 26.9423
v 185.3273 65.5629 29.1346
v 183.8463 65.3678 31.6038
v 182.7662 64.1251 33.9739
v 182.2515 62.0241 35.8841
v 182.3805 59.3846 37.0437
v 183.9095 56.7980 38.3629
v 185.2393 54.1190 37.5645
v 186.9021 52.1511 35.8482
v 188.6447 51.1938 33.4753
v 190.2019 51.3931 30.8072
v 191.3365 52.7184 28.2500
v 191.8758 54.9681 26.1930
v 191.7377 57.7996 24.9493
v 190.9433 60.7819 24.7084
v 189.6135 63.4609 25.5069
v 187.9507 65.4289 27.2231
v 186.2081 66.3861 29.5960
v 184.6510 66.1869 32.2641
v 183.5164 64.8615 34.8213
v 182.9771 62.6119 36.8783
v 183.1151 59.7803 38.1220
v 184.7145 56.9875 39.4510
v 186.1067 54.1182 38.5818
v 187.8502 52.0070 36.7299
v 189.6795 50.9751 34.1774
v 191.3161 51.1798 31.3128
v 192.5109 52.5897 28.5723
v 193.0819 54.9904 26.3730
v 192.9423 58.0163 25.0497
v 192.1133 61.2067 24.8040
v 190.7211 64.0759 25.6732
v 188.9777 66.1872 27.5250
v 187.1484 67.2190 30.0775
v 185.5118 67.0144 32.9421
v 184.3170 65.6044 35.6827
v 183.7459 63.2037 37.8820
v 183.8855 60.1779 39.2053
v 185.5438 57.1731 40.5407
v 186.9931 54.1123 39.5979
v 188.8149 51.8574 37.6095
v 190.7317 50.7515 34.8782
v 192.4518 50.9630 31.8198
v 193.7134 52.4597 28.9000
v 194.3242 55.0138 26.5631
v 194.1914 58.2364 25.1651
v 193.3352 61.6370 24.9187
v 191.8859 64.6977 25.8615
v 190.0641 66.9527 27.8499
v 188.1473 68.0586 30.5812
v 186.4272 67.8470 33.6396
v 185.1656 66.3503 36.5595
v 184.5548 63.7962 38.8963
v 184.6876 60.5736 40.2943
v 186.3927 57.3513 41.6325
v 187.8935 54.0978 40.6132
v 189.7912 51.6988 38.4871
v 191.7969 50.5195 35.5780
v 193.6052 50.7395 32.3286
v 194.9408 52.3252 29.2338
v 195.6004 55.0353 26.7646
v 195.4836 58.4572 25.2970
v 194.6082 62.0698 25.0544
v 193.1074 65.3233 26.0737
v 191.2097 67.7223 28.1998
v 189.2040 68.9015 31.1089
v 187.3957 68.6816 34.3582
v 186.0601 67.0958 37.4531
v 185.4005 64.3858 39.9223
v 185.5173 60.9639 41.3899
v 187.2566 57.5187 42.7266
v 188.8029 54.0713 41.6275
v 190.7741 51.5280 39.3626
v 192.8702 50.2762 36.2766
v 194.7719 50.5062 32.8394
v 196.1899 52.1832 29.5744
v 196.9081 55.0518 26.9784
v 196.8174 58.6753 25.4468
v 195.9314 62.5021 25.2128
v 194.3851 65.9495 26.3119
v 192.4139 68.4927 28.5769
v 190.3179 69.7446 31.6628
v 188.4161 69.5145 35.1000
v 186.9982 67.8375 38.3651
v 186.2799 64.9689 40.9610
v 186.3707 61.3454 42.4926
v 188.1310 57.6721 43.8233
v 189.7164 54.0297 42.6409
v 191.7586 51.3420 40.2357
v 193.9469 50.0184 36.9741
v 195.9480 50.2602 33.3525
v 197.4573 52.0306 29.9223
v 198.2450 55.0603 27.2057
v 198.1912 58.8878 25.6163
v 197.3041 62.9305 25.3960
v 195.7187 66.5729 26.5785
v 193.6764 69.2605 28.9836
v 191.4882 70.5842 32.2452
v 189.4871 70.3424 35.8668
v 187.9778 68.5719 39.2971
v 187.1900 65.5423 42.0137
v 187.2438 61.7148 43.6031
v 189.0110 57.8084 44.9225
v 190.6287 53.9700 43.6529
v 192.7396 51.1379 41.1062
v 195.0223 49.7432 37.6701
v 197.1293 49.9984 33.8678
v 198.7398 51.8645 30.2781
v 199.6087 55.0575 27.4475
v 199.6037 59.0912 25.8070
v 198.7255 63.3515 25.6062
v 197.1078 67.1900 26.8758
v 194.9969 70.0221 29.4225
v 192.7142 71.4167 32.8586
v 190.6072 71.1615 36.6609
v 188.9967 69.2954 40.2506
v 188.1278 66.1025 43.0812
v 188.1328 62.0688 44.7218
v 189.8922 57.9247 46.0242
v 191.5349 53.8895 44.6632
v 193.7118 50.9129 41.9734
v 196.0914 49.4482 38.3643
v 198.3115 49.7182 34.3853
v 200.0340 51.6819 30.6423
v 200.9968 55.0404 27.7050
v 201.0532 59.2822 26.0207
v 200.1947 63.7617 25.8457
v 198.5520 67.7969 27.2067
v 196.3751 70.7734 29.8965
v 193.9955 72.2382 33.5056
v 191.7754 71.9681 37.4845
v 190.0529 70.0044 41.2275
v 189.0901 66.6460 44.1648
v 189.0337 62.4041 45.8492
v 190.7698 58.0181 47.1279
v 192.4299 53.7856 45.6709
v 194.6701 50.6648 42.8364
v 197.1494 49.1307 39.0558
v 199.4903 49.4170 34.9048
v 201.3365 51.4800 31.0152
v 202.4068 55.0057 27.9793
v 202.5383 59.4573 26.2592
v 201.7110 64.1572 26.1168
v 200.0509 68.3897 27.5738
v 197.8107 71.5105 30.4084
v 195.3314 73.0446 34.1889
v 192.9905 72.7583 38.3400
v 191.1444 70.6953 42.2295
v 190.0741 67.1696 45.2654
v 189.9425 62.7180 46.9855
v 191.6391 58.0863 48.2334
v 193.3085 53.6562 46.6754
v 195.6094 50.3913 43.6943
v 198.1914 48.7887 39.7440
v 200.6616 49.0923 35.4259
v 202.6438 51.2561 31.3973
v 203.8363 54.9504 28.2716
v 204.0575 59.6130 26.5246
v 203.2737 64.5339 26.4223
v 201.6044 68.9641 27.9803
v 199.3035 72.2290 30.9614
v 196.7214 73.8316 34.9117
v 194.2513 73.5279 39.2299
v 192.2690 71.3642 43.2584
v 191.0766 67.6698 46.3841
v 190.8554 63.0072 48.1311
v 192.4954 58.1269 49.3399
v 194.1655 53.4991 47.6754
v 196.5242 50.0906 44.5459
v 199.2125 48.4201 40.4278
v 201.8210 48.7420 35.9480
v 203.9526 51.0074 31.7887
v 205.2829 54.8712 28.5830
v 205.6093 59.7454 26.8189
v 204.8821 64.8877 26.7650
v 203.2120 69.5155 28.4295
v 200.8533 72.9240 31.5590
v 198.1650 74.5945 35.6771
v 195.5565 74.2726 40.1568
v 193.4249 72.0072 44.3162
v 192.0946 68.1434 47.5219
v 191.7682 63.2693 49.2860
v 193.3341 58.1378 50.4467
v 194.9959 53.3129 48.6696
v 197.4096 49.7612 45.3895
v 200.2077 48.0234 41.1058
v 202.9642 48.3641 36.4707
v 205.2595 50.7314 32.1897
v 206.7442 54.7649 28.9147
v 207.1921 59.8506 27.1442
v 206.5352 65.2141 27.1477
v 204.8734 70.0390 28.9248
v 202.4598 73.5907 32.2049
v 199.6617 75.3285 36.4886
v 196.9051 74.9878 41.1238
v 194.6098 72.6205 45.4047
v 193.1252 68.5870 48.6798
v 192.6772 63.5014 50.4503
v 194.1506 58.1173 51.5528
v 195.7947 53.0962 49.6566
v 198.2604 49.4021 46.2237
v 201.1724 47.5974 41.7769
v 204.0872 47.9569 36.9930
v 206.5612 50.4258 32.6005
v 208.2177 54.6283 29.2679
v 208.8045 59.9246 27.5028
v 208.2323 65.5083 27.5737
v 206.5882 70.5295 29.4700
v 204.1225 74.2236 32.9028
v 201.2106 76.0283 37.3497
v 198.2958 75.6688 42.1335
v 195.8218 73.1999 46.5261
v 194.1653 68.9974 49.8586
v 193.5784 63.7011 51.6238
v 194.9404 58.0641 52.6571
v 196.5571 52.8481 50.6346
v 199.0718 49.0125 47.0465
v 202.1019 47.1411 42.4392
v 205.1859 47.5188 37.5141
v 207.8544 50.0882 33.0211
v 209.7011 54.4580 29.6440
v 210.4449 59.9631 27.8971
v 209.9725 65.7652 28.0463
v 208.3558 70.9811 30.0688
v 205.8411 74.8168 33.6569
v 202.8110 76.6882 38.2642
v 199.7270 76.3105 43.1893
v 197.0585 73.7411 47.6823
v 195.2118 69.3713 51.0594
v 194.4680 63.8662 52.8063
v 195.6993 57.9769 53.7584
v 197.2784 52.5683 51.6017
v 199.8392 48.5923 47.8559
v 202.9920 46.6541 43.0912
v 206.2565 47.0489 38.0331
v 209.1360 49.7165 33.4516
v 211.1920 54.2508 30.0441
v 212.1115 59.9616 28.3295
v 211.7545 65.9793 28.5687
v 210.1753 71.3879 30.7255
v 207.6145 75.3640 34.4713
v 204.4618 77.3021 39.2359
v 201.1972 76.9074 44.2941
v 198.3177 74.2397 48.8756
v 196.2618 69.7054 52.2831
v 195.3423 63.9947 53.9977
v 196.4485 57.8552 54.8722
v 197.9875 52.2568 52.5781
v 200.5941 48.1417 48.6735
v 203.8714 46.1364 43.7530
v 207.3206 46.5462 38.5656
v 210.4165 49.3087 33.9011
v 212.6877 54.0033 30.4695
v 213.7886 59.9154 28.7934
v 213.5515 66.1448 29.1278
v 212.0125 71.7432 31.4219
v 209.4059 75.8583 35.3265
v 206.1286 77.8636 40.2470
v 202.6794 77.4538 45.4344
v 199.5835 74.6913 50.0989
v 197.3123 69.9967 53.5305
v 196.2114 64.0846 55.2066
v 197.3595 57.7536 55.8809
v 198.8505 52.0372 53.4840
v 201.4747 47.8351 49.4712
v 204.8325 45.7872 44.4536
v 208.4128 46.2050 39.1950
v 211.6705 49.0251 34.4960
v 214.1096 53.8181 31.0720
v 215.3588 59.8543 29.4443
v 215.2279 66.2148 29.8606
v 213.7369 71.9311 32.2576
v 211.1127 76.1332 36.2703
v 207.7548 78.1812 41.2879
v 204.1745 77.7633 46.5465
v 200.9169 74.9432 51.2455
v 198.4778 70.1502 54.6695
v 197.2286 64.1140 56.2973
v 198.3436 57.6245 56.9523
v 199.7966 51.7917 54.4583
v 202.4413 47.5035 50.3388
v 205.8751 45.4127 45.2212
v 209.5753 45.8377 39.8844
v 212.9786 48.7137 35.1411
v 215.5667 53.6028 31.7132
v 216.9458 59.7609 30.1227
v 216.9058 66.2503 30.6117
v 215.4528 72.0831 33.1058
v 212.8081 76.3713 37.2252
v 209.3742 78.4621 42.3428
v 205.6740 78.0371 47.6796
v 202.2708 75.1611 52.4230
v 199.6826 70.2719 55.8508
v 198.3036 64.1139 57.4413
v 199.3752 57.4680 58.0684
v 200.7926 51.5201 55.4783
v 203.4578 47.1464 51.2518
v 206.9650 45.0129 46.0324
v 210.7803 45.4443 40.6145
v 214.3228 48.3749 35.8232
v 217.0532 53.3587 32.3877
v 218.5559 59.6368 30.8311
v 218.6020 66.2534 31.3905
v 217.1846 72.2014 33.9805
v 214.5194 76.5750 38.2070
v 211.0122 78.7085 43.4265
v 207.1969 78.2772 48.8443
v 203.6544 75.3465 53.6357
v 200.9240 70.3628 57.0712
v 199.4213 64.0847 58.6277
v 200.4478 57.2846 59.2238
v 201.8313 51.2226 56.5383
v 204.5166 46.7642 52.2042
v 208.0946 44.5880 46.8811
v 212.0207 45.0254 41.3796
v 215.6972 48.0098 36.5371
v 218.5644 53.0868 33.0909
v 220.1858 59.4834 31.5656
v 220.3145 66.2260 32.1935
v 218.9309 72.2879 34.8790
v 216.2457 76.7464 39.2131
v 212.6677 78.9225 44.5362
v 208.7415 78.4851 50.0377
v 205.0650 75.5008 54.8802
v 202.1978 70.4238 58.3264
v 200.5765 64.0271 59.8516
v 201.5554 57.0748 60.4133
v 202.9061 50.8998 57.6327
v 205.6105 46.3573 53.1901
v 209.2568 44.1387 47.7617
v 213.2901 44.5818 42.1741
v 217.0961 47.6192 37.2778
v 220.0956 52.7883 33.8182
v 221.8318 59.3024 32.3222
v 222.0404 66.1696 33.0173
v 220.6897 72.3445 35.7979
v 217.9853 76.8870 40.2405
v 214.3389 79.1056 45.6689
v 210.3057 78.6625 51.2565
v 206.4996 75.6252 56.1529
v 203.5002 70.4560 59.6124
v 201.7640 63.9420 61.1084
v 202.6923 56.8392 61.6320
v 204.0104 50.5523 58.7562
v 206.7329 45.9264 54.2040
v 210.4452 43.6656 48.6686
v 214.5821 44.1143 42.9925
v 218.5139 47.2041 38.0400
v 221.6419 52.4646 34.5650
v 223.4900 59.0949 33.0965
v 223.7768 66.0857 33.8582
v 222.4587 72.3726 36.7340
v 219.7362 76.9985 41.2861
v 216.0239 79.2593 46.8215
v 211.8870 78.8106 52.4976
v 207.9552 75.7208 57.4501
v 204.8272 70.4603 60.9251
v 202.9791 63.8300 62.3936
v 203.8531 56.5788 62.8749
v 205.1385 50.1808 59.9034
v 207.8775 45.4722 55.2405
v 211.6531 43.1698 49.5961
v 215.8906 43.6240 43.8295
v 219.9448 46.7658 38.8187
v 223.1986 52.1168 35.3264
v 225.1564 58.8624 33.8844
v 225.5204 65.9757 34.7122
v 224.2350 72.3736 37.6837
v 221.4960 77.0822 42.3466
v 217.7203 79.3847 47.9910
v 213.4828 78.9305 53.7576
v 209.4286 75.7887 58.7684
v 206.1749 70.4376 62.2607
v 204.2171 63.6920 63.7027
v 205.0327 56.2943 64.1373
v 206.2845 49.7863 61.0692
v 209.0382 44.9958 56.2941
v 212.8746 42.6521 50.5389
v 217.2097 43.1119 44.6797
v 221.3835 46.3054 39.6087
v 224.7606 51.7463 36.0978
v 226.8268 58.6062 34.6816
v 227.2675 65.8409 35.5755
v 226.0158 72.3489 38.6436
v 223.2620 77.1394 43.4188
v 219.4256 79.4831 49.1740
v 215.0905 79.0232 55.0331
v 210.9167 75.8298 60.1041
v 207.5397 70.3889 63.6150
v 205.4735 63.5289 65.0313
v 206.2261 55.9866 65.4146
v 207.4429 49.3696 62.2487
v 210.2091 44.4981 57.3596
v 214.1036 42.1137 51.4915
v 218.5335 42.5794 45.5378
v 222.8244 45.8243 40.4050
v 226.3230 51.3543 36.8744
v 228.4967 58.3276 35.4835
v 229.0146 65.6826 36.4441
v 227.7978 72.2996 39.6099
v 225.0316 77.1710 44.4991
v 221.1371 79.5555 50.3671
v 216.7072 79.0898 56.3208
v 212.4163 75.8449 61.4537
v 208.9177 70.3149 64.9843
v 206.7440 63.3416 66.3752
v 207.4284 55.6566 66.7021
v 208.6083 48.9319 63.4369
v 211.3844 43.9804 58.4317
v 215.3340 41.5560 52.4486
v 219.8560 42.0277 46.3984
v 224.2617 45.3237 41.2022
v 227.8806 50.9423 37.6511
v 230.1616 58.0280 36.2857
v 230.7576 65.5021 37.3138
v 229.5777 72.2268 40.5790
v 226.8016 77.1783 45.5841
v 222.8520 79.6028 51.5672
v 218.3301 79.1311 57.6174
v 213.9243 75.8350 62.8136
v 210.3054 70.2165 66.3647
v 208.0244 63.1307 67.7302
v 208.6351 55.3053 67.9953
v 209.7755 48.4741 64.6288
v 212.5584 43.4438 59.5053
v 216.5600 40.9801 53.4049
v 221.1712 41.4582 47.2561
v 225.6899 44.8052 41.9952
v 229.4282 50.5116 38.4231
v 231.8170 57.7087 37.0835
v 232.4926 65.3007 38.1804
v 231.3521 72.1318 41.5469
v 228.5693 77.1622 46.6704
v 224.5676 79.6258 52.7708
v 219.9565 79.1478 58.9196
v 215.4378 75.8007 64.1805
v 211.6994 70.0943 67.7526
v 209.3107 62.8973 69.0922
v 209.8414 54.9335 69.2898
v 210.9392 47.9974 65.8196
v 213.7253 42.8896 60.5751
v 217.7755 40.3876 54.3547
v 222.4731 40.8725 48.1054
v 227.1030 44.2703 42.7786
v 230.9604 50.0639 39.1852
v 233.4579 57.3711 37.8723
v 234.2154 65.0795 39.0397
v 233.1176 72.0156 42.5099
v 230.3315 77.1235 47.7544
v 226.2814 79.6254 53.9748
v 221.5837 79.1405 60.2241
v 216.9538 75.7427 65.5509
v 213.0964 69.9492 69.1443
v 210.5989 62.6420 70.4572
v 211.0430 54.5423 70.5812
v 212.0944 47.5029 67.0045
v 214.8795 42.3191 61.6359
v 218.9743 39.7800 55.2928
v 223.7555 40.2722 48.9407
v 228.4950 43.7207 43.5468
v 232.4715 49.6006 39.9322
v 235.0794 57.0167 38.6472
v 235.9218 64.8399 39.8874
v 234.8704 71.8792 43.4641
v 232.0853 77.0630 48.8326
v 227.9905 79.6021 55.1758
v 223.2094 79.1099 61.5279
v 218.4698 75.6614 66.9218
v 214.4933 69.7815 70.5364
v 211.8854 62.3655 71.8214
v 212.2355 54.1325 71.8652
v 213.2358 46.9919 68.1786
v 216.0151 41.7339 62.6824
v 220.1503 39.1590 56.2133
v 225.0119 39.6592 49.7563
v 229.8597 43.1583 44.2942
v 233.9558 49.1236 40.6587
v 236.6764 56.6469 39.4033
v 237.6074 64.5830 40.7190
v 236.6072 71.7236 44.4056
v 233.8279 76.9815 49.9017
v 229.6926 79.5565 56.3708
v 224.8310 79.0563 62.8279
v 219.9832 75.5572 68.2900
v 215.8872 69.5919 71.9254
v 213.1666 62.0685 73.1809
v 213.4149 53.7049 73.1376
v 214.3584 46.4656 69.3371
v 217.1263 41.1356 63.7092
v 221.2970 38.5265 57.1107
v 226.2357 39.0354 50.5462
v 231.1905 42.5849 45.0150
v 235.4070 48.6347 41.3592
v 238.2433 56.2636 40.1355
v 239.2677 64.3103 41.5300
v 238.3241 71.5496 45.3305
v 235.5563 76.8796 50.9584
v 231.3855 79.4887 57.5569
v 226.4468 78.9798 64.1214
v 221.4921 75.4303 69.6526
v 217.2755 69.3805 73.3083
v 214.4392 61.7516 74.5321
v 214.5769 53.2605 74.3943
v 215.4571 45.9252 70.4752
v 218.2069 40.5258 64.7109
v 222.4076 37.8844 57.9790
v 227.4198 38.4031 51.3043
v 232.4803 42.0030 45.7031
v 236.8187 48.1360 42.0280
v 239.7747 55.8684 40.8386
v 240.8980 64.0229 42.3159
v 240.0178 71.3583 46.2350
v 237.2680 76.7577 51.9993
v 233.0672 79.3991 58.7312
v 228.0551 78.8803 65.4058
v 222.9946 75.2805 71.0071
v 218.6561 69.1475 74.6822
v 215.7002 61.4151 75.8716
v 215.7161 52.8005 75.6301
v 216.5230 45.3732 71.5854
v 219.2455 39.9080 65.6781
v 223.4692 37.2369 58.8078
v 228.5509 37.7666 52.0202
v 233.7170 41.4164 46.3487
v 238.1812 47.6307 42.6568
v 241.2636 55.4634 41.5066
v 242.4951 63.7220 43.0731
v 241.6882 71.1493 47.1178
v 238.9656 76.6145 53.0250
v 234.7420 79.2856 59.8954
v 229.6603 78.7559 66.6830
v 224.4941 75.1061 72.3544
v 220.0300 68.8918 76.0463
v 216.9476 61.0591 77.1966
v 216.9252 52.3775 76.6858
v 217.6183 44.9344 72.5265
v 220.2640 39.4599 66.5090
v 224.4593 36.7875 59.5494
v 229.5657 37.3240 52.7071
v 234.8057 40.9878 47.0239
v 239.3816 47.2210 43.3649
v 242.5967 55.0748 42.2873
v 243.9616 63.3534 43.9550
v 243.2684 70.7965 48.1143
v 240.6228 76.2710 54.1318
v 236.4274 78.9434 61.0914
v 231.3210 78.4069 67.9337
v 226.0810 74.7432 73.6169
v 221.5052 68.5099 77.2759
v 218.2901 60.6561 78.3535
v 218.3362 52.0212 77.4318
v 218.8783 44.7017 73.2120
v 221.3836 39.3205 67.1752
v 225.4705 36.6968 60.2405
v 230.5169 37.2301 53.4637
v 235.7545 40.8393 47.8764
v 240.3860 46.9747 44.3293
v 243.7062 54.7024 43.3623
v 245.2097 62.8459 45.1228
v 244.6675 70.1654 49.3426
v 242.1623 75.5466 55.3794
v 238.0754 78.1703 62.3141
v 233.0290 77.6370 69.0910
v 227.7914 74.0278 74.6782
v 223.1599 67.8924 78.2254
v 219.8397 60.1647 79.1923
v 219.7418 51.6286 78.1694
v 220.1441 44.4330 73.8974
v 222.5188 39.1449 67.8489
v 226.5044 36.5694 60.9446
v 231.4943 37.0986 54.2356
v 236.7286 40.6518 48.7434
v 241.4105 46.6883 45.3041
v 244.8273 54.2889 44.4413
v 246.4588 62.2965 46.2863
v 246.0566 69.4921 50.5582
v 243.6818 74.7802 56.6068
v 239.6962 77.3558 63.5111
v 234.7064 76.8266 70.2200
v 229.4721 73.2733 75.7123
v 224.7901 67.2369 79.1516
v 221.3733 59.6363 80.0144
v 221.1462 51.2021 78.9025
v 221.4269 44.1271 74.5920
v 223.6864 38.9292 68.5428
v 227.5805 36.3997 61.6760
v 232.5165 36.9237 55.0369
v 237.7429 40.4215 49.6363
v 242.4639 46.3606 46.2964
v 245.9610 53.8367 45.5256
v 247.7016 61.7117 47.4414
v 247.4208 68.7867 51.7519
v 245.1614 73.9847 57.8011
v 241.2673 76.5141 64.6679
v 236.3313 75.9901 71.3070
v 231.1049 72.4923 76.7076
v 226.3838 66.5533 80.0475
v 222.8868 59.0771 80.8182
v 222.5473 50.7459 79.6309
v 222.7239 43.7873 75.2943
v 224.8824 38.6760 69.2550
v 228.6942 36.1900 62.4323
v 233.5790 36.7079 55.8650
v 238.7931 40.1508 50.5528
v 243.5426 45.9946 47.3046
v 247.1046 53.3495 46.6147
v 248.9368 61.0959 48.5884
v 248.7601 68.0545 52.9250
v 246.6016 73.1658 58.9643
v 242.7898 75.6518 65.7870
v 237.9050 75.1339 72.3543
v 232.6910 71.6910 77.6665
v 227.9414 65.8472 80.9147
v 224.3794 58.4923 81.6046
v 223.9432 50.2641 80.3544
v 224.0320 43.4173 76.0034
v 226.1031 38.3885 69.9835
v 229.8413 35.9432 63.2112
v 234.6774 36.4539 56.7174
v 239.8751 39.8426 51.4908
v 244.6432 45.5936 48.3271
v 248.2558 52.8312 47.7079
v 250.1629 60.4537 49.7275
v 250.0741 67.3005 54.0785
v 248.0030 72.3293 60.0984
v 244.2649 74.7746 66.8707
v 239.4288 74.2639 73.3645
v 234.2310 70.8752 78.5911
v 229.4629 65.1242 81.7548
v 225.8503 57.8866 82.3740
v 225.3322 49.7611 81.0726
v 225.3485 43.0208 76.7182
v 227.3450 38.0700 70.7269
v 231.0177 35.6625 64.0107
v 235.8075 36.1647 57.5922
v 240.9852 39.5002 52.4485
v 245.7626 45.1612 49.3627
v 249.4123 52.2858 48.8045
v 251.3787 59.7894 50.8590
v 251.3624 66.5297 55.2134
v 249.3659 71.4804 61.2048
v 245.6932 73.8880 67.9209
v 240.9033 73.3858 74.3395
v 235.7256 70.0503 79.4832
v 230.9482 64.3893 82.5690
v 227.2986 57.2647 83.1271
v 226.7122 49.2410 81.7854
v 226.6706 42.6018 77.4379
v 228.6045 37.7244 71.4837
v 232.2197 35.3513 64.8293
v 236.9656 35.8439 58.4877
v 242.1199 39.1271 53.4244
v 246.8977 44.7011 50.4103
v 250.5718 51.7173 49.9042
v 252.5827 59.1076 51.9832
v 252.6243 65.7468 56.3307
v 250.6903 70.6242 62.2849
v 247.0752 72.9973 68.9393
v 242.3292 72.5047 75.2809
v 237.1750 69.2215 80.3442
v 232.3972 63.6475 83.3583
v 228.7231 56.6313 83.8644
v 228.0814 48.7083 82.4925
v 227.9957 42.1643 78.1616
v 229.8787 37.3553 72.2528
v 233.4438 35.0133 65.6654
v 238.1483 35.4950 59.4025
v 243.2758 38.7269 54.4175
v 248.0458 44.2172 51.4693
v 251.7322 51.1298 51.0067
v 253.7736 58.4125 53.1002
v 253.8593 64.9565 57.4311
v 251.9762 69.7656 63.3400
v 248.4111 72.1075 69.9273
v 243.7067 71.6259 76.1902
v 238.5791 68.3939 81.1752
v 233.8091 62.9037 84.1234
v 230.1228 55.9910 84.5860
v 229.4378 48.1673 83.1937
v 229.3214 41.7125 78.8889
v 231.1646 36.9667 73.0332
v 234.6870 34.6524 66.5182
v 239.3522 35.1219 60.3356
v 244.4501 38.3037 55.4268
v 249.2045 43.7135 52.5390
v 252.8916 50.5276 52.1118
v 254.9500 57.7086 54.2104
v 255.0665 64.1634 58.5152
v 253.2232 68.9092 64.3709
v 249.7008 71.2235 70.8859
v 245.0356 70.7540 77.0684
v 239.9377 67.5722 81.9773
v 235.1834 62.1625 84.8651
v 231.4963 55.3484 85.2922
v 230.7796 47.6223 83.8886
v 230.6453 41.2506 79.6190
v 232.4596 36.5628 73.8243
v 235.9464 34.2726 67.3867
v 240.5748 34.7286 61.2862
v 245.6402 37.8614 56.4517
v 250.3714 43.1940 53.6190
v 254.0481 49.9147 53.2195
v 256.1107 57.0003 55.3140
v 256.2450 63.3720 59.5835
v 254.4307 68.0597 65.3782
v 250.9439 70.3500 71.8159
v 246.3155 69.8940 77.9163
v 241.2501 66.7612 82.7509
v 236.5189 61.4285 85.5836
v 232.8421 54.7078 85.9831
v 232.1048 47.0776 84.5771
v 231.9652 40.7828 80.3517
v 233.7612 36.1476 74.6257
v 237.2194 33.8779 68.2706
v 241.8134 34.3191 62.2540
v 246.8437 37.4040 57.4919
v 251.5445 42.6631 54.7093
v 255.2002 49.2956 54.3298
v 257.2542 56.2918 56.4111
v 257.3938 62.5867 60.6365
v 255.5977 67.2218 66.3626
v 252.1395 69.4915 72.7177
v 247.5455 69.0503 78.7342
v 242.5153 65.9654 83.4963
v 237.8144 60.7063 86.2789
v 234.1588 54.0738 86.6585
v 233.4114 46.5376 85.2589
v 233.2790 40.3133 81.0868
v 235.0672 35.7255 75.4370
v 238.5040 33.4726 69.1696
v 243.0660 33.8976 63.2389
v 248.0587 36.9358 58.5476
v 252.7221 42.1248 55.8101
v 256.3462 48.6744 55.4430
v 258.3792 55.5876 57.5023
v 258.5117 61.8119 61.6744
v 256.7234 66.3998 67.3242
v 253.2867 68.6527 73.5915
v 248.7247 68.2276 79.5222
v 243.7319 65.1894 84.2135
v 239.0685 60.0005 86.9510
v 235.4445 53.4508 87.3181
v 234.6976 46.0067 85.9336
v 234.5847 39.8466 81.8239
v 236.3758 35.3006 76.2583
v 239.7981 33.0608 70.0841
v 244.3308 33.4684 64.2412
v 249.2836 36.4611 59.6192
v 253.9027 41.5834 56.9218
v 257.4847 48.0554 56.5595
v 259.4844 54.8920 58.5876
v 259.5973 61.0521 62.6973
v 257.8063 65.5981 68.2629
v 254.3839 67.8378 74.4371
v 249.8513 67.4303 80.2800
v 244.8984 64.4376 84.9020
v 240.2794 59.3153 87.5994
v 236.6973 52.8432 87.9617
v 235.9614 45.4892 86.6009
v 235.8806 39.3869 82.5631
v 237.6852 34.8773 77.0899
v 241.1004 32.6471 71.0144
v 245.6064 33.0357 65.2617
v 250.5172 35.9841 60.7075
v 255.0850 41.0433 58.0451
v 258.6146 47.4431 57.6799
v 260.5685 54.2093 59.6675
v 260.6494 60.3116 63.7053
v 258.8448 64.8212 69.1785
v 255.4295 67.0514 75.2540
v 250.9235 66.6628 81.0067
v 246.0128 63.7144 85.5610
v 241.4449 58.6552 88.2233
v 237.9153 52.2554 88.5885
v 237.2008 44.9895 87.2605
v 237.1648 38.9386 83.3046
v 238.9940 34.4600 77.9324
v 242.4097 32.2357 71.9617
v 246.8920 32.6041 66.3015
v 251.7585 35.5093 61.8136
v 256.2683 40.5089 59.1812
v 259.7348 46.8418 58.8050
v 261.6303 53.5439 60.7423
v 261.6662 59.5948 64.6982
v 259.8371 64.0733 70.0705
v 256.4214 66.2977 76.0412
v 251.9391 65.9293 81.7013
v 247.0726 63.0241 86.1892
v 242.5628 58.0245 88.8217
v 239.0963 51.6916 89.1978
v 238.4137 44.5118 87.9120
v 238.4360 38.5062 84.0486
v 240.3011 34.0533 78.7867
v 243.7252 31.8312 72.9273
v 248.1870 32.1781 67.3625
v 253.0071 35.0413 62.9395
v 257.4518 39.9847 60.3316
v 260.8444 46.2560 59.9358
v 262.6684 52.9002 61.8125
v 262.6461 58.9059 65.6759
v 260.7810 63.3587 70.9378
v 257.3569 65.5808 76.7972
v 252.8951 65.2339 82.3620
v 248.0750 62.3708 86.7850
v 243.6303 57.4273 89.3929
v 240.2377 51.1561 89.7886
v 239.5888 44.0652 88.5475
v 239.6758 38.1022 84.7825
v 241.5842 33.6722 79.6372
v 245.0234 31.4495 73.8951
v 249.4700 31.7727 68.4303
v 254.2469 34.5924 64.0748
v 258.6269 39.4794 61.4916
v 261.9433 45.6898 61.0741
v 263.6910 52.2779 62.8857
v 263.6041 58.2409 66.6508
v 261.6957 62.6710 71.7960
v 258.2564 64.8936 77.5381
v 253.8098 64.5705 83.0029
v 249.0329 61.7507 87.3585
v 244.6529 56.8637 89.9416
v 241.3366 50.6534 90.3592
v 240.7860 43.6807 89.0762
v 240.9145 37.8090 85.4162
v 242.8402 33.4367 80.4099
v 246.2700 31.2294 74.8194
v 250.6816 31.5232 69.4958
v 255.4035 34.2732 65.2497
v 259.7168 39.0610 62.7274
v 262.9649 45.1575 62.3130
v 264.6531 51.6347 64.0695
v 264.5246 57.5063 67.7295
v 262.5989 61.8787 72.7358
v 259.1691 64.0860 78.3263
v 254.7575 63.7922 83.6498
v 250.0356 61.0421 87.8960
v 245.7223 56.2544 90.4182
v 242.4743 50.1579 90.8327
v 242.0163 43.3066 89.5790
v 242.1604 37.5572 86.0158
v 244.0775 33.2660 81.1492
v 247.4757 31.0863 75.7201
v 251.8376 31.3501 70.5551
v 256.4992 34.0170 66.4405
v 260.7508 38.6811 64.0027
v 263.9451 44.6324 63.6128
v 265.5958 50.9647 65.3301
v 265.4517 56.7142 68.8934
v 263.5346 61.0053 73.7599
v 260.1364 63.1850 79.1890
v 255.7745 62.9213 84.3540
v 251.1129 60.2543 88.4686
v 246.8613 55.5902 90.9065
v 243.6670 49.6389 91.2964
v 243.2704 42.9159 90.1175
v 243.4255 37.2909 86.6475
v 245.3269 33.0842 81.9154
v 248.6852 30.9360 76.6416
v 252.9891 31.1735 71.6291
v 257.5833 33.7605 67.6409
v 261.7684 38.3031 65.2842
v 264.9074 44.1099 64.9177
v 266.5222 50.2966 66.5974
v 266.3671 55.9216 70.0674
v 264.4657 60.1284 74.7995
v 261.1074 62.2765 80.0733
v 256.8035 62.0390 85.0858
v 252.2093 59.4520 89.0740
v 248.0242 54.9094 91.4307
v 244.8852 49.1027 91.7971
v 244.5415 42.5124 90.6847
v 244.7050 37.0131 87.3060
v 246.5858 32.8931 82.7046
v 249.8975 30.7795 77.5811
v 254.1359 30.9942 72.7155
v 258.6558 33.5044 68.8484
v 262.7691 37.9281 66.5687
v 265.8495 43.5917 66.2235
v 267.4282 49.6331 67.8651
v 267.2646 55.1324 71.2439
v 265.3839 59.2524 75.8453
v 262.0722 61.3660 80.9688
v 257.8338 61.1513 85.8344
v 253.3139 58.6411 89.7015
v 249.2006 54.2174 91.9812
v 246.1202 48.5538 92.3264
v 245.8213 42.1007 91.2724
v 245.9911 36.7280 87.9833
v 247.8470 32.6967 83.5094
v 251.1065 30.6203 78.5317
v 255.2732 30.8151 73.8081
v 259.7130 33.2514 70.0576
v 263.7498 37.5583 67.8514
v 266.7691 43.0801 67.5252
v 268.3112 48.9761 69.1287
v 268.1414 54.3487 72.4178
v 266.2855 58.3801 76.8917
v 263.0261 60.4564 81.8694
v 258.8593 60.2616 86.5930
v 254.4196 57.8253 90.3435
v 250.3828 53.5185 92.5497
v 247.3635 47.9967 92.8759
v 247.1021 41.6849 91.8725
v 247.2763 36.4397 88.6716
v 249.1037 32.4988 84.3222
v 252.3061 30.4620 79.4865
v 256.3959 30.6395 74.9006
v 260.7504 33.0042 71.2627
v 264.7068 37.1962 69.1268
v 267.6627 42.5772 68.8178
v 269.1681 48.3280 70.3829
v 268.9939 53.5731 73.5839
v 267.1665 57.5141 77.9333
v 263.9641 59.5509 82.7690
v 259.8743 59.3734 87.3549
v 255.5198 57.0087 90.9927
v 251.5634 52.8167 93.1287
v 248.6075 47.4357 93.4377
v 248.3766 41.2691 92.4773
v 248.5537 36.1522 89.3633
v 250.3495 32.3032 85.1358
v 253.4906 30.3080 80.4386
v 257.4987 30.4704 75.9867
v 261.7637 32.7657 72.4578
v 265.6362 36.8444 70.3893
v 268.5268 42.0855 70.0960
v 269.9953 47.6912 71.6226
v 269.8181 52.8081 74.7366
v 268.0224 56.6571 78.9641
v 264.8813 58.6523 83.6613
v 260.8732 58.4899 88.1132
v 256.6082 56.1947 91.6421
v 252.7356 52.1160 93.7106
v 249.8451 46.8748 94.0039
v 249.6380 40.8572 93.0794
v 249.8166 35.8693 90.0510
v 251.5780 32.1136 85.9432
v 254.6541 30.1618 81.3813
v 258.5765 30.3111 77.0599
v 262.7481 32.5388 73.6369
v 266.5337 36.5056 71.6332
v 269.3572 41.6078 71.3541
v 270.7886 47.0685 72.8420
v 270.6100 52.0564 75.8704
v 268.8486 55.8122 79.9782
v 265.7725 57.7640 84.5401
v 261.8501 57.6146 88.8615
v 257.6785 55.3870 92.2845
v 253.8929 51.4201 94.2881
v 251.0694 46.3179 94.5673
v 250.8799 40.4529 93.6714
v 251.0587 35.5946 90.7276
v 252.7832 31.9333 86.7373
v 255.7909 30.0266 82.3080
v 259.6239 30.1647 78.1139
v 263.6986 32.3265 74.7937
v 267.3947 36.1829 72.8527
v 270.1496 41.1469 72.5864
v 271.5437 46.4627 74.0355
v 271.3648 51.3210 76.9792
v 269.6403 54.9822 80.9695
v 266.6326 56.8889 85.3988
v 262.7996 56.7509 89.5929
v 258.7249 54.5891 92.9132
v 255.0288 50.7326 94.8542
v 252.2740 45.7687 95.1204
v 252.0960 40.0598 94.2463
v 252.2739 35.3316 91.3862
v 253.9593 31.7660 87.5114
v 256.8955 29.9059 83.2119
v 260.6357 30.0344 79.1423
v 264.6104 32.1319 75.9220
v 268.2144 35.8791 74.0414
v 270.8991 40.7056 73.7868
v 272.2558 45.8765 75.1969
v 272.0780 50.6047 78.0570
v 270.3926 54.1702 81.9318
v 267.4563 56.0304 86.2313
v 263.7161 55.9019 90.3009
v 259.7415 53.8044 93.5212
v 256.1374 50.0572 95.4018
v 253.4527 45.2307 95.6564
v 253.2804 39.6813 94.7974
v 253.4563 35.0839 92.0199
v 255.1003 31.6150 88.2587
v 257.9623 29.8029 84.0865
v 261.6065 29.9234 80.1384
v 265.4781 31.9582 77.0155
v 268.9877 35.5974 75.1933
v 271.6010 40.2871 74.9491
v 272.9201 45.3132 76.3201
v 272.7443 49.9107 79.0976
v 271.1002 53.3795 82.8587
v 268.2382 55.1916 87.0309
v 264.5941 55.0711 90.9790
v 260.7225 53.0363 94.1019
v 257.2129 49.3971 95.9241
v 254.5996 44.7074 96.1684
v 254.4275 39.3208 95.3179
v 254.6003 34.8546 92.6221
v 256.2009 31.4836 88.9726
v 258.9858 29.7210 84.9252
v 262.5308 29.8351 81.0959
v 266.2964 31.8086 78.0677
v 269.7093 35.3410 76.3017
v 272.2498 39.8945 76.0667
v 273.5313 44.7759 77.3985
v 273.3585 49.2421 80.0944
v 271.7579 52.6131 83.7438
v 268.9731 54.3757 87.7913
v 265.4280 54.2616 91.6206
v 261.6624 52.2881 94.6487
v 258.2495 48.7558 96.4147
v 255.7090 44.2023 96.6497
v 255.5321 38.9815 95.8016
v 255.7006 34.6471 93.1865
v 257.2557 31.3751 89.6468
v 259.9605 29.6634 85.7215
v 263.4033 29.7727 82.0081
v 267.0599 31.6864 79.0719
v 270.3737 35.1132 77.3601
v 272.8401 39.5312 77.1331
v 274.0837 44.2680 78.4255
v 273.9152 48.6024 81.0407
v 272.3601 51.8745 84.5804
v 269.6553 53.5861 88.5057
v 266.2125 53.4768 92.2191
v 262.5559 51.5631 95.1552
v 259.2421 48.1364 96.8671
v 256.7757 43.7183 97.0941
v 256.5892 38.6663 96.2427
v 256.7524 34.4643 93.7071
v 258.2596 31.2923 90.2751
v 260.8812 29.6332 86.4691
v 264.2183 29.7395 82.8684
v 267.7627 31.5952 80.0213
v 270.9748 34.9175 78.3613
v 273.3657 39.2009 78.1410
v 274.5713 43.7931 79.3940
v 274.4082 47.9950 81.9295
v 272.9010 51.1670 85.3615
v 270.2793 52.8262 89.1676
v 266.9423 52.7198 92.7682
v 263.3979 50.8642 95.6153
v 260.1857 47.5418 97.2753
v 257.7948 43.2585 97.4956
v 257.5949 38.3777 96.6357
v 257.7514 34.3088 94.1785
v 259.2079 31.2383 90.8517
v 261.7429 29.6336 87.1616
v 264.9702 29.7390 83.6701
v 268.3986 31.5384 80.9087
v 271.5062 34.7579 79.2978
v 273.8199 38.9074 79.0827
v 274.9873 43.3551 80.2960
v 274.8309 47.4240 82.7531
v 273.3743 50.4945 86.0800
v 270.8394 52.0992 89.7700
v 267.6121 51.9939 93.2615
v 264.1836 50.1944 96.0229
v 261.0760 46.9749 97.6339
v 258.7624 42.8254 97.8490
v 258.5463 38.1177 96.9764
v 258.6943 34.1828 94.5961
v 260.0969 31.2155 91.3714
v 262.5406 29.6675 87.7933
v 265.6532 29.7744 84.4064
v 268.9610 31.5200 81.7264
v 271.9603 34.6386 80.1613
v 274.1946 38.6553 79.9494
v 275.3237 42.9587 81.1229
v 275.1756 46.8935 83.5032
v 273.7730 49.8609 86.7279
v 271.3294 51.4089 90.3060
v 268.2168 51.3020 93.6929
v 264.9090 49.5564 96.3729
v 261.9097 46.4378 97.9380
v 259.6754 42.4211 98.1499
v 259.4429 37.8872 97.2625
v 259.5801 34.0875 94.9569
v 260.9240 31.2257 91.8302
v 263.2701 29.7376 88.3584
v 266.2610 29.8495 85.0700
v 269.4416 31.5447 82.4656
v 272.3276 34.5648 80.9418
v 274.4796 38.4502 80.7305
v 275.5699 42.6094 81.8639
v 275.4327 46.4091 84.1695
v 274.0888 49.2709 87.2962
v 271.7428 50.7590 90.7680
v 268.7518 50.6470 94.0564
v 265.5712 48.9519 96.6608
v 262.6853 45.9318 98.1846
v 260.5333 42.0464 98.3959
v 260.2463 37.7062 97.4578
v 260.3748 34.0406 95.2288
v 261.6641 31.2822 92.2039
v 263.9180 29.8511 88.8434
v 266.7934 29.9651 85.6590
v 269.8525 31.6068 83.1355
v 272.6295 34.5262 81.6570
v 274.7017 38.2790 81.4487
v 275.7537 42.2938 82.5422
v 275.6252 45.9594 84.7712
v 274.3359 48.7178 87.7961
v 272.0820 50.1489 91.1566
v 269.2066 50.0349 94.3410
v 266.1475 48.3932 96.8645
v 263.3705 45.4738 98.3430
v 261.2983 41.7210 98.5513
vt 0.00000 0.00000
vt 0.06250 0.00000
vt 0.12500 0.00000
vt 0.18750 0.00000
vt 0.25000 0.00000
vt 0.31250 0.00000
vt 0.37500 0.00000
vt 0.43750 0.00000
vt 0.50000 0.00000
vt 0.56250 0.00000
vt 0.62500 0.00000
vt 0.68750 0.00000
vt 0.75000 0.00000
vt 0.81250 0.00000
vt 0.87500 0.00000
vt 0.93750 0.00000
vt 0.00000 0.06289
vt 0.06250 0.06289
vt 0.12500 0.06289
vt 0.18750 0.06289
vt 0.25000 0.06289
vt 0.31250 0.06289
vt 0.37500 0.06289
vt 0.43750 0.06289
vt 0.50000 0.06289
vt 0.56250 0.06289
vt 0.62500 0.06289
vt 0.68750 0.06289
vt 0.75000 0.06289
vt 0.81250 0.06289
vt 0.87500 0.06289
vt 0.93750 0.06289
vt 0.00000 0.12579
vt 0.06250 0.12579
vt 0.12500 0.12579
vt 0.18750 0.12579
vt 0.25000 0.12579
vt 0.31250 0.12579
vt 0.37500 0.12579
vt 0.43750 0.12579
vt 0.50000 0.12579
vt 0.56250 0.12579
vt 0.62500 0.12579
vt 0.68750 0.12579
vt 0.75000 0.12579
vt 0.81250 0.12579
vt 0.87500 0.12579
vt 0.93750 0.12579
vt 0.00000 0.18868
vt 0.06250 0.18868
vt 0.12500 0.18868
vt 0.18750 0.18868
vt 0.25000 0.18868
vt 0.31250 0.18868
vt 0.37500 0.18868
vt 0.43750 0.18868
vt 0.50000 0.18868
vt 0.56250 0.18868
vt 0.62500 0.18868
vt 0.68750 0.18868
vt 0.75000 0.18868
vt 0.81250 0.18868
vt 0.87500 0.18868
vt 0.93750 0.18868
vt 0.00000 0.25157
vt 0.06250 0.25157
vt 0.12500 0.25157
vt 0.18750 0.25157
vt 0.25000 0.25157
vt 0.31250 0.25157
vt 0.37500 0.25157
vt 0.43750 0.25157
vt 0.50000 0.25157
vt 0.56250 0.25157
vt 0.62500 0.25157
vt 0.68750 0.25157
vt 0.75000 0.25157
vt 0.81250 0.25157
vt 0.87500 0.25157
vt 0.93750 0.25157
vt 0.00000 0.31447
vt 0.06250 0.31447
vt 0.12500 0.31447
vt 0.18750 0.31447
vt 0.25000 0.31447
vt 0.31250 0.31447
vt 0.37500 0.31447
vt 0.43750 0.31447
vt 0.50000 0.31447
vt 0.56250 0.31447
vt 0.62500 0.31447
vt 0.68750 0.31447
vt 0.75000 0.31447
vt 0.81250 0.31447
vt 0.87500 0.31447
vt 0.93750 0.31447
vt 0.00000 0.37736
vt 0.06250 0.37736
vt 0.12500 0.37736
vt 0.18750 0.37736
vt 0.25000 0.37736
vt 0.31250 0.37736
vt 0.37500 0.37736
vt 0.43750 0.37736
vt 0.50000 0.37736
vt 0.56250 0.37736
vt 0.62500 0.37736
vt 0.68750 0.37736
vt 0.75000 0.37736
vt 0.81250 0.37736
vt 0.87500 0.37736
vt 0.93750 0.37736
vt 0.00000 0.44025
vt 0.06250 0.44025
vt 0.12500 0.44025
vt 0.18750 0.44025
vt 0.25000 0.44025
vt 0.31250 0.44025
vt 0.37500 0.44025
vt 0.43750 0.44025
vt 0.50000 0.44025
vt 0.56250 0.44025
vt 0.62500 0.44025
vt 0.68750 0.44025
vt 0.75000 0.44025
vt 0.81250 0.44025
vt 0.87500 0.44025
vt 0.93750 0.44025
vt 0.00000 0.50314
vt 0.06250 0.50314
vt 0.12500 0.50314
vt 0.18750 0.50314
vt 0.25000 0.50314
vt 0.31250 0.50314
vt 0.37500 0.50314
vt 0.43750 0.50314
vt 0.50000 0.50314
vt 0.56250 0.50314
vt 0.62500 0.50314
vt 0.68750 0.50314
vt 0.75000 0.50314
vt 0.81250 0.50314
vt 0.87500 0.50314
vt 0.93750 0.50314
vt 0.00000 0.56604
vt 0.06250 0.56604
vt 0.12500 0.56604
vt 0.18750 0.56604
vt 0.25000 0.56604
vt 0.31250 0.56604
vt 0.37500 0.56604
vt 0.43750 0.56604
vt 0.50000 0.56604
vt 0.56250 0.56604
vt 0.62500 0.56604
vt 0.68750 0.56604
vt 0.75000 0.56604
vt 0.81250 0.56604
vt 0.87500 0.56604
vt 0.93750 0.56604
vt 0.00000 0.62893
vt 0.06250 0.62893
vt 0.12500 0.62893
vt 0.18750 0.62893
vt 0.25000 0.62893
vt 0.31250 0.62893
vt 0.37500 0.62893
vt 0.43750 0.62893
vt 0.50000 0.62893
vt 0.56250 0.62893
vt 0.62500 0.62893
vt 0.68750 0.62893
vt 0.75000 0.62893
vt 0.81250 0.62893
vt 0.87500 0.62893
vt 0.93750 0.62893
vt 0.00000 0.69182
vt 0.06250 0.69182
vt 0.12500 0.69182
vt 0.18750 0.69182
vt 0.25000 0.69182
vt 0.31250 0.69182
vt 0.37500 0.69182
vt 0.43750 0.69182
vt 0.50000 0.69182
vt 0.56250 0.69182
vt 0.62500 0.69182
vt 0.68750 0.69182
vt 0.75000 0.69182
vt 0.81250 0.69182
vt 0.87500 0.69182
vt 0.93750 0.69182
vt 0.00000 0.75472
vt 0.06250 0.75472
vt 0.12500 0.75472
vt 0.18750 0.75472
vt 0.25000 0.75472
vt 0.31250 0.75472
vt 0.37500 0.75472
vt 0.43750 0.75472
vt 0.50000 0.75472
vt 0.56250 0.75472
vt 0.62500 0.75472
vt 0.68750 0.75472
vt 0.75000 0.75472
vt 0.81250 0.75472
vt 0.87500 0.75472
vt 0.93750 0.75472
vt 0.00000 0.81761
vt 0.06250 0.81761
vt 0.12500 0.81761
vt 0.18750 0.81761
vt 0.25000 0.81761
vt 0.31250 0.81761
vt 0.37500 0.81761
vt 0.43750 0.81761
vt 0.50000 0.81761
vt 0.56250 0.81761
vt 0.62500 0.81761
vt 0.68750 0.81761
vt 0.75000 0.81761
vt 0.81250 0.81761
vt 0.87500 0.81761
vt 0.93750 0.81761
vt 0.00000 0.88050
vt 0.06250 0.88050
vt 0.12500 0.88050
vt 0.18750 0.88050
vt 0.25000 0.88050
vt 0.31250 0.88050
vt 0.37500 0.88050
vt 0.43750 0.88050
vt 0.50000 0.88050
vt 0.56250 0.88050
vt 0.62500 0.88050
vt 0.68750 0.88050
vt 0.75000 0.88050
vt 0.81250 0.88050
vt 0.87500 0.88050
vt 0.93750 0.88050
vt 0.00000 0.94340
vt 0.06250 0.94340
vt 0.12500 0.94340
vt 0.18750 0.94340
vt 0.25000 0.94340
vt 0.31250 0.94340
vt 0.37500 0.94340
vt 0.43750 0.94340
vt 0.50000 0.94340
vt 0.56250 0.94340
vt 0.62500 0.94340
vt 0.68750 0.94340
vt 0.75000 0.94340
vt 0.81250 0.94340
vt 0.87500 0.94340
vt 0.93750 0.94340
vt 0.00000 1.00629
vt 0.06250 1.00629
vt 0.12500 1.00629
vt 0.18750 1.00629
vt 0.25000 1.00629
vt 0.31250 1.00629
vt 0.37500 1.00629
vt 0.43750 1.00629
vt 0.50000 1.00629
vt 0.56250 1.00629
vt 0.62500 1.00629
vt 0.68750 1.00629
vt 0.75000 1.00629
vt 0.81250 1.00629
vt 0.87500 1.00629
vt 0.93750 1.00629
vt 0.00000 1.06918
vt 0.06250 1.06918
vt 0.12500 1.06918
vt 0.18750 1.06918
vt 0.25000 1.06918
vt 0.31250 1.06918
vt 0.37500 1.06918
vt 0.43750 1.06918
vt 0.50000 1.06918
vt 0.56250 1.06918
vt 0.62500 1.06918
vt 0.68750 1.06918
vt 0.75000 1.06918
vt 0.81250 1.06918
vt 0.87500 1.06918
vt 0.93750 1.06918
vt 0.00000 1.13208
vt 0.06250 1.13208
vt 0.12500 1.13208
vt 0.18750 1.13208
vt 0.25000 1.13208
vt 0.31250 1.13208
vt 0.37500 1.13208
vt 0.43750 1.13208
vt 0.50000 1.13208
vt 0.56250 1.13208
vt 0.62500 1.13208
vt 0.68750 1.13208
vt 0.75000 1.13208
vt 0.81250 1.13208
vt 0.87500 1.13208
vt 0.93750 1.13208
vt 0.00000 1.19497
vt 0.06250 1.19497
vt 0.12500 1.19497
vt 0.18750 1.19497
vt 0.25000 1.19497
vt 0.31250 1.19497
vt 0.37500 1.19497
vt 0.43750 1.19497
vt 0.50000 1.19497
vt 0.56250 1.19497
vt 0.62500 1.19497
vt 0.68750 1.19497
vt 0.75000 1.19497
vt 0.81250 1.19497
vt 0.87500 1.19497
vt 0.93750 1.19497
vt 0.00000 1.25786
vt 0.06250 1.25786
vt 0.12500 1.25786
vt 0.18750 1.25786
vt 0.25000 1.25786
vt 0.31250 1.25786
vt 0.37500 1.25786
vt 0.43750 1.25786
vt 0.50000 1.25786
vt 0.56250 1.25786
vt 0.62500 1.25786
vt 0.68750 1.25786
vt 0.75000 1.25786
vt 0.81250 1.25786
vt 0.87500 1.25786
vt 0.93750 1.25786
vt 0.00000 1.32075
vt 0.06250 1.32075
vt 0.12500 1.32075
vt 0.18750 1.32075
vt 0.25000 1.32075
vt 0.31250 1.32075
vt 0.37500 1.32075
vt 0.43750 1.32075
vt 0.50000 1.32075
vt 0.56250 1.32075
vt 0.62500 1.32075
vt 0.68750 1.32075
vt 0.75000 1.32075
vt 0.81250 1.32075
vt 0.87500 1.32075
vt 0.93750 1.32075
vt 0.00000 1.38365
vt 0.06250 1.38365
vt 0.12500 1.38365
vt 0.18750 1.38365
vt 0.25000 1.38365
vt 0.31250 1.38365
vt 0.37500 1.38365
vt 0.43750 1.38365
vt 0.50000 1.38365
vt 0.56250 1.38365
vt 0.62500 1.38365
vt 0.68750 1.38365
vt 0.75000 1.38365
vt 0.81250 1.38365
vt 0.87500 1.38365
vt 0.93750 1.38365
vt 0.00000 1.44654
vt 0.06250 1.44654
vt 0.12500 1.44654
vt 0.18750 1.44654
vt 0.25000 1.44654
vt 0.31250 1.44654
vt 0.37500 1.44654
vt 0.43750 1.44654
vt 0.50000 1.44654
vt 0.56250 1.44654
vt 0.62500 1.44654
vt 0.68750 1.44654
vt 0.75000 1.44654
vt 0.81250 1.44654
vt 0.87500 1.44654
vt 0.93750 1.44654
vt 0.00000 1.50943
vt 0.06250 1.50943
vt 0.12500 1.50943
vt 0.18750 1.50943
vt 0.25000 1.50943
vt 0.31250 1.50943
vt 0.37500 1.50943
vt 0.43750 1.50943
vt 0.50000 1.50943
vt 0.56250 1.50943
vt 0.62500 1.50943
vt 0.68750 1.50943
vt 0.75000 1.50943
vt 0.81250 1.50943
vt 0.87500 1.50943
vt 0.93750 1.50943
vt 0.00000 1.57233
vt 0.06250 1.57233
vt 0.12500 1.57233
vt 0.18750 1.57233
vt 0.25000 1.57233
vt 0.31250 1.57233
vt 0.37500 1.57233
vt 0.43750 1.57233
vt 0.50000 1.57233
vt 0.56250 1.57233
vt 0.62500 1.57233
vt 0.68750 1.57233
vt 0.75000 1.57233
vt 0.81250 1.57233
vt 0.87500 1.57233
vt 0.93750 1.57233
vt 0.00000 1.63522
vt 0.06250 1.63522
vt 0.12500 1.63522
vt 0.18750 1.63522
vt 0.25000 1.63522
vt 0.31250 1.63522
vt 0.37500 1.63522
vt 0.43750 1.63522
vt 0.50000 1.63522
vt 0.56250 1.63522
vt 0.62500 1.63522
vt 0.68750 1.63522
vt 0.75000 1.63522
vt 0.81250 1.63522
vt 0.87500 1.63522
vt 0.93750 1.63522
vt 0.00000 1.69811
vt 0.06250 1.69811
vt 0.12500 1.69811
vt 0.18750 1.69811
vt 0.25000 1.69811
vt 0.31250 1.69811
vt 0.37500 1.69811
vt 0.43750 1.69811
vt 0.50000 1.69811
vt 0.56250 1.69811
vt 0.62500 1.69811
vt 0.68750 1.69811
vt 0.75000 1.69811
vt 0.81250 1.69811
vt 0.87500 1.69811
vt 0.93750 1.69811
vt 0.00000 1.76101
vt 0.06250 1.76101
vt 0.12500 1.76101
vt 0.18750 1.76101
vt 0.25000 1.76101
vt 0.31250 1.76101
vt 0.37500 1.76101
vt 0.43750 1.76101
vt 0.50000 1.76101
vt 0.56250 1.76101
vt 0.62500 1.76101
vt 0.68750 1.76101
vt 0.75000 1.76101
vt 0.81250 1.76101
vt 0.87500 1.76101
vt 0.93750 1.76101
vt 0.00000 1.82390
vt 0.06250 1.82390
vt 0.12500 1.82390
vt 0.18750 1.82390
vt 0.25000 1.82390
vt 0.31250 1.82390
vt 0.37500 1.82390
vt 0.43750 1.82390
vt 0.50000 1.82390
vt 0.56250 1.82390
vt 0.62500 1.82390
vt 0.68750 1.82390
vt 0.75000 1.82390
vt 0.81250 1.82390
vt 0.87500 1.82390
vt 0.93750 1.82390
vt 0.00000 1.88679
vt 0.06250 1.88679
vt 0.12500 1.88679
vt 0.18750 1.88679
vt 0.25000 1.88679
vt 0.31250 1.88679
vt 0.37500 1.88679
vt 0.43750 1.88679
vt 0.50000 1.88679
vt 0.56250 1.88679
vt 0.62500 1.88679
vt 0.68750 1.88679
vt 0.75000 1.88679
vt 0.81250 1.88679
vt 0.87500 1.88679
vt 0.93750 1.88679
vt 0.00000 1.94969
vt 0.06250 1.94969
vt 0.12500 1.94969
vt 0.18750 1.94969
vt 0.25000 1.94969
vt 0.31250 1.94969
vt 0.37500 1.94969
vt 0.43750 1.94969
vt 0.50000 1.94969
vt 0.56250 1.94969
vt 0.62500 1.94969
vt 0.68750 1.94969
vt 0.75000 1.94969
vt 0.81250 1.94969
vt 0.87500 1.94969
vt 0.93750 1.94969
vt 0.00000 2.01258
vt 0.06250 2.01258
vt 0.12500 2.01258
vt 0.18750 2.01258
vt 0.25000 2.01258
vt 0.31250 2.01258
vt 0.37500 2.01258
vt 0.43750 2.01258
vt 0.50000 2.01258
vt 0.56250 2.01258
vt 0.62500 2.01258
vt 0.68750 2.01258
vt 0.75000 2.01258
vt 0.81250 2.01258
vt 0.87500 2.01258
vt 0.93750 2.01258
vt 0.00000 2.07547
vt 0.06250 2.07547
vt 0.12500 2.07547
vt 0.18750 2.07547
vt 0.25000 2.07547
vt 0.31250 2.07547
vt 0.37500 2.07547
vt 0.43750 2.07547
vt 0.50000 2.07547
vt 0.56250 2.07547
vt 0.62500 2.07547
vt 0.68750 2.07547
vt 0.75000 2.07547
vt 0.81250 2.07547
vt 0.87500 2.07547
vt 0.93750 2.07547
vt 0.00000 2.13836
vt 0.06250 2.13836
vt 0.12500 2.13836
vt 0.18750 2.13836
vt 0.25000 2.13836
vt 0.31250 2.13836
vt 0.37500 2.13836
vt 0.43750 2.13836
vt 0.50000 2.13836
vt 0.56250 2.13836
vt 0.62500 2.13836
vt 0.68750 2.13836
vt 0.75000 2.13836
vt 0.81250 2.13836
vt 0.87500 2.13836
vt 0.93750 2.13836
vt 0.00000 2.20126
vt 0.06250 2.20126
vt 0.12500 2.20126
vt 0.18750 2.20126
vt 0.25000 2.20126
vt 0.31250 2.20126
vt 0.37500 2.20126
vt 0.43750 2.20126
vt 0.50000 2.20126
vt 0.56250 2.20126
vt 0.62500 2.20126
vt 0.68750 2.20126
vt 0.75000 2.20126
vt 0.81250 2.20126
vt 0.87500 2.20126
vt 0.93750 2.20126
vt 0.00000 2.26415
vt 0.06250 2.26415
vt 0.12500 2.26415
vt 0.18750 2.26415
vt 0.25000 2.26415
vt 0.31250 2.26415
vt 0.37500 2.26415
vt 0.43750 2.26415
vt 0.50000 2.26415
vt 0.56250 2.26415
vt 0.62500 2.26415
vt 0.68750 2.26415
vt 0.75000 2.26415
vt 0.81250 2.26415
vt 0.87500 2.26415
vt 0.93750 2.26415
vt 0.00000 2.32704
vt 0.06250 2.32704
vt 0.12500 2.32704
vt 0.18750 2.32704
vt 0.25000 2.32704
vt 0.31250 2.32704
vt 0.37500 2.32704
vt 0.43750 2.32704
vt 0.50000 2.32704
vt 0.56250 2.32704
vt 0.62500 2.32704
vt 0.68750 2.32704
vt 0.75000 2.32704
vt 0.81250 2.32704
vt 0.87500 2.32704
vt 0.93750 2.32704
vt 0.00000 2.38994
vt 0.06250 2.38994
vt 0.12500 2.38994
vt 0.18750 2.38994
vt 0.25000 2.38994
vt 0.31250 2.38994
vt 0.37500 2.38994
vt 0.43750 2.38994
vt 0.50000 2.38994
vt 0.56250 2.38994
vt 0.62500 2.38994
vt 0.68750 2.38994
vt 0.75000 2.38994
vt 0.81250 2.38994
vt 0.87500 2.38994
vt 0.93750 2.38994
vt 0.00000 2.45283
vt 0.06250 2.45283
vt 0.12500 2.45283
vt 0.18750 2.45283
vt 0.25000 2.45283
vt 0.31250 2.45283
vt 0.37500 2.45283
vt 0.43750 2.45283
vt 0.50000 2.45283
vt 0.56250 2.45283
vt 0.62500 2.45283
vt 0.68750 2.45283
vt 0.75000 2.45283
vt 0.81250 2.45283
vt 0.87500 2.45283
vt 0.93750 2.45283
vt 0.00000 2.51572
vt 0.06250 2.51572
vt 0.12500 2.51572
vt 0.18750 2.51572
vt 0.25000 2.51572
vt 0.31250 2.51572
vt 0.37500 2.51572
vt 0.43750 2.51572
vt 0.50000 2.51572
vt 0.56250 2.51572
vt 0.62500 2.51572
vt 0.68750 2.51572
vt 0.75000 2.51572
vt 0.81250 2.51572
vt 0.87500 2.51572
vt 0.93750 2.51572
vt 0.00000 2.57862
vt 0.06250 2.57862
vt 0.12500 2.57862
vt 0.18750 2.57862
vt 0.25000 2.57862
vt 0.31250 2.57862
vt 0.37500 2.57862
vt 0.43750 2.57862
vt 0.50000 2.57862
vt 0.56250 2.57862
vt 0.62500 2.57862
vt 0.68750 2.57862
vt 0.75000 2.57862
vt 0.81250 2.57862
vt 0.87500 2.57862
vt 0.93750 2.57862
vt 0.00000 2.64151
vt 0.06250 2.64151
vt 0.12500 2.64151
vt 0.18750 2.64151
vt 0.25000 2.64151
vt 0.31250 2.64151
vt 0.37500 2.64151
vt 0.43750 2.64151
vt 0.50000 2.64151
vt 0.56250 2.64151
vt 0.62500 2.64151
vt 0.68750 2.64151
vt 0.75000 2.64151
vt 0.81250 2.64151
vt 0.87500 2.64151
vt 0.93750 2.64151
vt 0.00000 2.70440
vt 0.06250 2.70440
vt 0.12500 2.70440
vt 0.18750 2.70440
vt 0.25000 2.70440
vt 0.31250 2.70440
vt 0.37500 2.70440
vt 0.43750 2.70440
vt 0.50000 2.70440
vt 0.56250 2.70440
vt 0.62500 2.70440
vt 0.68750 2.70440
vt 0.75000 2.70440
vt 0.81250 2.70440
vt 0.87500 2.70440
vt 0.93750 2.70440
vt 0.00000 2.76730
vt 0.06250 2.76730
vt 0.12500 2.76730
vt 0.18750 2.76730
vt 0.25000 2.76730
vt 0.31250 2.76730
vt 0.37500 2.76730
vt 0.43750 2.76730
vt 0.50000 2.76730
vt 0.56250 2.76730
vt 0.62500 2.76730
vt 0.68750 2.76730
vt 0.75000 2.76730
vt 0.81250 2.76730
vt 0.87500 2.76730
vt 0.93750 2.76730
vt 0.00000 2.83019
vt 0.06250 2.83019
vt 0.12500 2.83019
vt 0.18750 2.83019
vt 0.25000 2.83019
vt 0.31250 2.83019
vt 0.37500 2.83019
vt 0.43750 2.83019
vt 0.50000 2.83019
vt 0.56250 2.83019
vt 0.62500 2.83019
vt 0.68750 2.83019
vt 0.75000 2.83019
vt 0.81250 2.83019
vt 0.87500 2.83019
vt 0.93750 2.83019
vt 0.00000 2.89308
vt 0.06250 2.89308
vt 0.12500 2.89308
vt 0.18750 2.89308
vt 0.25000 2.89308
vt 0.31250 2.89308
vt 0.37500 2.89308
vt 0.43750 2.89308
vt 0.50000 2.89308
vt 0.56250 2.89308
vt 0.62500 2.89308
vt 0.68750 2.89308
vt 0.75000 2.89308
vt 0.81250 2.89308
vt 0.87500 2.89308
vt 0.93750 2.89308
vt 0.00000 2.95597
vt 0.06250 2.95597
vt 0.12500 2.95597
vt 0.18750 2.95597
vt 0.25000 2.95597
vt 0.31250 2.95597
vt 0.37500 2.95597
vt 0.43750 2.95597
vt 0.50000 2.95597
vt 0.56250 2.95597
vt 0.62500 2.95597
vt 0.68750 2.95597
vt 0.75000 2.95597
vt 0.81250 2.95597
vt 0.87500 2.95597
vt 0.93750 2.95597
vt 0.00000 3.01887
vt 0.06250 3.01887
vt 0.12500 3.01887
vt 0.18750 3.01887
vt 0.25000 3.01887
vt 0.31250 3.01887
vt 0.37500 3.01887
vt 0.43750 3.01887
vt 0.50000 3.01887
vt 0.56250 3.01887
vt 0.62500 3.01887
vt 0.68750 3.01887
vt 0.75000 3.01887
vt 0.81250 3.01887
vt 0.87500 3.01887
vt 0.93750 3.01887
vt 0.00000 3.08176
vt 0.06250 3.08176
vt 0.12500 3.08176
vt 0.18750 3.08176
vt 0.25000 3.08176
vt 0.31250 3.08176
vt 0.37500 3.08176
vt 0.43750 3.08176
vt 0.50000 3.08176
vt 0.56250 3.08176
vt 0.62500 3.08176
vt 0.68750 3.08176
vt 0.75000 3.08176
vt 0.81250 3.08176
vt 0.87500 3.08176
vt 0.93750 3.08176
vt 0.00000 3.14465
vt 0.06250 3.14465
vt 0.12500 3.14465
vt 0.18750 3.14465
vt 0.25000 3.14465
vt 0.31250 3.14465
vt 0.37500 3.14465
vt 0.43750 3.14465
vt 0.50000 3.14465
vt 0.56250 3.14465
vt 0.62500 3.14465
vt 0.68750 3.14465
vt 0.75000 3.14465
vt 0.81250 3.14465
vt 0.87500 3.14465
vt 0.93750 3.14465
vt 0.00000 3.20755
vt 0.06250 3.20755
vt 0.12500 3.20755
vt 0.18750 3.20755
vt 0.25000 3.20755
vt 0.31250 3.20755
vt 0.37500 3.20755
vt 0.43750 3.20755
vt 0.50000 3.20755
vt 0.56250 3.20755
vt 0.62500 3.20755
vt 0.68750 3.20755
vt 0.75000 3.20755
vt 0.81250 3.20755
vt 0.87500 3.20755
vt 0.93750 3.20755
vt 0.00000 3.27044
vt 0.06250 3.27044
vt 0.12500 3.27044
vt 0.18750 3.27044
vt 0.25000 3.27044
vt 0.31250 3.27044
vt 0.37500 3.27044
vt 0.43750 3.27044
vt 0.50000 3.27044
vt 0.56250 3.27044
vt 0.62500 3.27044
vt 0.68750 3.27044
vt 0.75000 3.27044
vt 0.81250 3.27044
vt 0.87500 3.27044
vt 0.93750 3.27044
vt 0.00000 3.33333
vt 0.06250 3.33333
vt 0.12500 3.33333
vt 0.18750 3.33333
vt 0.25000 3.33333
vt 0.31250 3.33333
vt 0.37500 3.33333
vt 0.43750 3.33333
vt 0.50000 3.33333
vt 0.56250 3.33333
vt 0.62500 3.33333
vt 0.68750 3.33333
vt 0.75000 3.33333
vt 0.81250 3.33333
vt 0.87500 3.33333
vt 0.93750 3.33333
vt 0.00000 3.39623
vt 0.06250 3.39623
vt 0.12500 3.39623
vt 0.18750 3.39623
vt 0.25000 3.39623
vt 0.31250 3.39623
vt 0.37500 3.39623
vt 0.43750 3.39623
vt 0.50000 3.39623
vt 0.56250 3.39623
vt 0.62500 3.39623
vt 0.68750 3.39623
vt 0.75000 3.39623
vt 0.81250 3.39623
vt 0.87500 3.39623
vt 0.93750 3.39623
vt 0.00000 3.45912
vt 0.06250 3.45912
vt 0.12500 3.45912
vt 0.18750 3.45912
vt 0.25000 3.45912
vt 0.31250 3.45912
vt 0.37500 3.45912
vt 0.43750 3.45912
vt 0.50000 3.45912
vt 0.56250 3.45912
vt 0.62500 3.45912
vt 0.68750 3.45912
vt 0.75000 3.45912
vt 0.81250 3.45912
vt 0.87500 3.45912
vt 0.93750 3.45912
vt 0.00000 3.52201
vt 0.06250 3.52201
vt 0.12500 3.52201
vt 0.18750 3.52201
vt 0.25000 3.52201
vt 0.31250 3.52201
vt 0.37500 3.52201
vt 0.43750 3.52201
vt 0.50000 3.52201
vt 0.56250 3.52201
vt 0.62500 3.52201
vt 0.68750 3.52201
vt 0.75000 3.52201
vt 0.81250 3.52201
vt 0.87500 3.52201
vt 0.93750 3.52201
vt 0.00000 3.58491
vt 0.06250 3.58491
vt 0.12500 3.58491
vt 0.18750 3.58491
vt 0.25000 3.58491
vt 0.31250 3.58491
vt 0.37500 3.58491
vt 0.43750 3.58491
vt 0.50000 3.58491
vt 0.56250 3.58491
vt 0.62500 3.58491
vt 0.68750 3.58491
vt 0.75000 3.58491
vt 0.81250 3.58491
vt 0.87500 3.58491
vt 0.93750 3.58491
vt 0.00000 3.64780
vt 0.06250 3.64780
vt 0.12500 3.64780
vt 0.18750 3.64780
vt 0.25000 3.64780
vt 0.31250 3.64780
vt 0.37500 3.64780
vt 0.43750 3.64780
vt 0.50000 3.64780
vt 0.56250 3.64780
vt 0.62500 3.64780
vt 0.68750 3.64780
vt 0.75000 3.64780
vt 0.81250 3.64780
vt 0.87500 3.64780
vt 0.93750 3.64780
vt 0.00000 3.71069
vt 0.06250 3.71069
vt 0.12500 3.71069
vt 0.18750 3.71069
vt 0.25000 3.71069
vt 0.31250 3.71069
vt 0.37500 3.71069
vt 0.43750 3.71069
vt 0.50000 3.71069
vt 0.56250 3.71069
vt 0.62500 3.71069
vt 0.68750 3.71069
vt 0.75000 3.71069
vt 0.81250 3.71069
vt 0.87500 3.71069
vt 0.93750 3.71069
vt 0.00000 3.77358
vt 0.06250 3.77358
vt 0.12500 3.77358
vt 0.18750 3.77358
vt 0.25000 3.77358
vt 0.31250 3.77358
vt 0.37500 3.77358
vt 0.43750 3.77358
vt 0.50000 3.77358
vt 0.56250 3.77358
vt 0.62500 3.77358
vt 0.68750 3.77358
vt 0.75000 3.77358
vt 0.81250 3.77358
vt 0.87500 3.77358
vt 0.93750 3.77358
vt 0.00000 3.83648
vt 0.06250 3.83648
vt 0.12500 3.83648
vt 0.18750 3.83648
vt 0.25000 3.83648
vt 0.31250 3.83648
vt 0.37500 3.83648
vt 0.43750 3.83648
vt 0.50000 3.83648
vt 0.56250 3.83648
vt 0.62500 3.83648
vt 0.68750 3.83648
vt 0.75000 3.83648
vt 0.81250 3.83648
vt 0.87500 3.83648
vt 0.93750 3.83648
vt 0.00000 3.89937
vt 0.06250 3.89937
vt 0.12500 3.89937
vt 0.18750 3.89937
vt 0.25000 3.89937
vt 0.31250 3.89937
vt 0.37500 3.89937
vt 0.43750 3.89937
vt 0.50000 3.89937
vt 0.56250 3.89937
vt 0.62500 3.89937
vt 0.68750 3.89937
vt 0.75000 3.89937
vt 0.81250 3.89937
vt 0.87500 3.89937
vt 0.93750 3.89937
vt 0.00000 3.96226
vt 0.06250 3.96226
vt 0.12500 3.96226
vt 0.18750 3.96226
vt 0.25000 3.96226
vt 0.31250 3.96226
vt 0.37500 3.96226
vt 0.43750 3.96226
vt 0.50000 3.96226
vt 0.56250 3.96226
vt 0.62500 3.96226
vt 0.68750 3.96226
vt 0.75000 3.96226
vt 0.81250 3.96226
vt 0.87500 3.96226
vt 0.93750 3.96226
vt 0.00000 4.02516
vt 0.06250 4.02516
vt 0.12500 4.02516
vt 0.18750 4.02516
vt 0.25000 4.02516
vt 0.31250 4.02516
vt 0.37500 4.02516
vt 0.43750 4.02516
vt 0.50000 4.02516
vt 0.56250 4.02516
vt 0.62500 4.02516
vt 0.68750 4.02516
vt 0.75000 4.02516
vt 0.81250 4.02516
vt 0.87500 4.02516
vt 0.93750 4.02516
vt 0.00000 4.08805
vt 0.06250 4.08805
vt 0.12500 4.08805
vt 0.18750 4.08805
vt 0.25000 4.08805
vt 0.31250 4.08805
vt 0.37500 4.08805
vt 0.43750 4.08805
vt 0.50000 4.08805
vt 0.56250 4.08805
vt 0.62500 4.08805
vt 0.68750 4.08805
vt 0.75000 4.08805
vt 0.81250 4.08805
vt 0.87500 4.08805
vt 0.93750 4.08805
vt 0.00000 4.15094
vt 0.06250 4.15094
vt 0.12500 4.15094
vt 0.18750 4.15094
vt 0.25000 4.15094
vt 0.31250 4.15094
vt 0.37500 4.15094
vt 0.43750 4.15094
vt 0.50000 4.15094
vt 0.56250 4.15094
vt 0.62500 4.15094
vt 0.68750 4.15094
vt 0.75000 4.15094
vt 0.81250 4.15094
vt 0.87500 4.15094
vt 0.93750 4.15094
vt 0.00000 4.21384
vt 0.06250 4.21384
vt 0.12500 4.21384
vt 0.18750 4.21384
vt 0.25000 4.21384
vt 0.31250 4.21384
vt 0.37500 4.21384
vt 0.43750 4.21384
vt 0.50000 4.21384
vt 0.56250 4.21384
vt 0.62500 4.21384
vt 0.68750 4.21384
vt 0.75000 4.21384
vt 0.81250 4.21384
vt 0.87500 4.21384
vt 0.93750 4.21384
vt 0.00000 4.27673
vt 0.06250 4.27673
vt 0.12500 4.27673
vt 0.18750 4.27673
vt 0.25000 4.27673
vt 0.31250 4.27673
vt 0.37500 4.27673
vt 0.43750 4.27673
vt 0.50000 4.27673
vt 0.56250 4.27673
vt 0.62500 4.27673
vt 0.68750 4.27673
vt 0.75000 4.27673
vt 0.81250 4.27673
vt 0.87500 4.27673
vt 0.93750 4.27673
vt 0.00000 4.33962
vt 0.06250 4.33962
vt 0.12500 4.33962
vt 0.18750 4.33962
vt 0.25000 4.33962
vt 0.31250 4.33962
vt 0.37500 4.33962
vt 0.43750 4.33962
vt 0.50000 4.33962
vt 0.56250 4.33962
vt 0.62500 4.33962
vt 0.68750 4.33962
vt 0.75000 4.33962
vt 0.81250 4.33962
vt 0.87500 4.33962
vt 0.93750 4.33962
vt 0.00000 4.40252
vt 0.06250 4.40252
vt 0.12500 4.40252
vt 0.18750 4.40252
vt 0.25000 4.40252
vt 0.31250 4.40252
vt 0.37500 4.40252
vt 0.43750 4.40252
vt 0.50000 4.40252
vt 0.56250 4.40252
vt 0.62500 4.40252
vt 0.68750 4.40252
vt 0.75000 4.40252
vt 0.81250 4.40252
vt 0.87500 4.40252
vt 0.93750 4.40252
vt 0.00000 4.46541
vt 0.06250 4.46541
vt 0.12500 4.46541
vt 0.18750 4.46541
vt 0.25000 4.46541
vt 0.31250 4.46541
vt 0.37500 4.46541
vt 0.43750 4.46541
vt 0.50000 4.46541
vt 0.56250 4.46541
vt 0.62500 4.46541
vt 0.68750 4.46541
vt 0.75000 4.46541
vt 0.81250 4.46541
vt 0.87500 4.46541
vt 0.93750 4.46541
vt 0.00000 4.52830
vt 0.06250 4.52830
vt 0.12500 4.52830
vt 0.18750 4.52830
vt 0.25000 4.52830
vt 0.31250 4.52830
vt 0.37500 4.52830
vt 0.43750 4.52830
vt 0.50000 4.52830
vt 0.56250 4.52830
vt 0.62500 4.52830
vt 0.68750 4.52830
vt 0.75000 4.52830
vt 0.81250 4.52830
vt 0.87500 4.52830
vt 0.93750 4.52830
vt 0.00000 4.59119
vt 0.06250 4.59119
vt 0.12500 4.59119
vt 0.18750 4.59119
vt 0.25000 4.59119
vt 0.31250 4.59119
vt 0.37500 4.59119
vt 0.43750 4.59119
vt 0.50000 4.59119
vt 0.56250 4.59119
vt 0.62500 4.59119
vt 0.68750 4.59119
vt 0.75000 4.59119
vt 0.81250 4.59119
vt 0.87500 4.59119
vt 0.93750 4.59119
vt 0.00000 4.65409
vt 0.06250 4.65409
vt 0.12500 4.65409
vt 0.18750 4.65409
vt 0.25000 4.65409
vt 0.31250 4.65409
vt 0.37500 4.65409
vt 0.43750 4.65409
vt 0.50000 4.65409
vt 0.56250 4.65409
vt 0.62500 4.65409
vt 0.68750 4.65409
vt 0.75000 4.65409
vt 0.81250 4.65409
vt 0.87500 4.65409
vt 0.93750 4.65409
vt 0.00000 4.71698
vt 0.06250 4.71698
vt 0.12500 4.71698
vt 0.18750 4.71698
vt 0.25000 4.71698
vt 0.31250 4.71698
vt 0.37500 4.71698
vt 0.43750 4.71698
vt 0.50000 4.71698
vt 0.56250 4.71698
vt 0.62500 4.71698
vt 0.68750 4.71698
vt 0.75000 4.71698
vt 0.81250 4.71698
vt 0.87500 4.71698
vt 0.93750 4.71698
vt 0.00000 4.77987
vt 0.06250 4.77987
vt 0.12500 4.77987
vt 0.18750 4.77987
vt 0.25000 4.77987
vt 0.31250 4.77987
vt 0.37500 4.77987
vt 0.43750 4.77987
vt 0.50000 4.77987
vt 0.56250 4.77987
vt 0.62500 4.77987
vt 0.68750 4.77987
vt 0.75000 4.77987
vt 0.81250 4.77987
vt 0.87500 4.77987
vt 0.93750 4.77987
vt 0.00000 4.84277
vt 0.06250 4.84277
vt 0.12500 4.84277
vt 0.18750 4.84277
vt 0.25000 4.84277
vt 0.31250 4.84277
vt 0.37500 4.84277
vt 0.43750 4.84277
vt 0.50000 4.84277
vt 0.56250 4.84277
vt 0.62500 4.84277
vt 0.68750 4.84277
vt 0.75000 4.84277
vt 0.81250 4.84277
vt 0.87500 4.84277
vt 0.93750 4.84277
vt 0.00000 4.90566
vt 0.06250 4.90566
vt 0.12500 4.90566
vt 0.18750 4.90566
vt 0.25000 4.90566
vt 0.31250 4.90566
vt 0.37500 4.90566
vt 0.43750 4.90566
vt 0.50000 4.90566
vt 0.56250 4.90566
vt 0.62500 4.90566
vt 0.68750 4.90566
vt 0.75000 4.90566
vt 0.81250 4.90566
vt 0.87500 4.90566
vt 0.93750 4.90566
vt 0.00000 4.96855
vt 0.06250 4.96855
vt 0.12500 4.96855
vt 0.18750 4.96855
vt 0.25000 4.96855
vt 0.31250 4.96855
vt 0.37500 4.96855
vt 0.43750 4.96855
vt 0.50000 4.96855
vt 0.56250 4.96855
vt 0.62500 4.96855
vt 0.68750 4.96855
vt 0.75000 4.96855
vt 0.81250 4.96855
vt 0.87500 4.96855
vt 0.93750 4.96855
vt 0.00000 5.03145
vt 0.06250 5.03145
vt 0.12500 5.03145
vt 0.18750 5.03145
vt 0.25000 5.03145
vt 0.31250 5.03145
vt 0.37500 5.03145
vt 0.43750 5.03145
vt 0.50000 5.03145
vt 0.56250 5.03145
vt 0.62500 5.03145
vt 0.68750 5.03145
vt 0.75000 5.03145
vt 0.81250 5.03145
vt 0.87500 5.03145
vt 0.93750 5.03145
vt 0.00000 5.09434
vt 0.06250 5.09434
vt 0.12500 5.09434
vt 0.18750 5.09434
vt 0.25000 5.09434
vt 0.31250 5.09434
vt 0.37500 5.09434
vt 0.43750 5.09434
vt 0.50000 5.09434
vt 0.56250 5.09434
vt 0.62500 5.09434
vt 0.68750 5.09434
vt 0.75000 5.09434
vt 0.81250 5.09434
vt 0.87500 5.09434
vt 0.93750 5.09434
vt 0.00000 5.15723
vt 0.06250 5.15723
vt 0.12500 5.15723
vt 0.18750 5.15723
vt 0.25000 5.15723
vt 0.31250 5.15723
vt 0.37500 5.15723
vt 0.43750 5.15723
vt 0.50000 5.15723
vt 0.56250 5.15723
vt 0.62500 5.15723
vt 0.68750 5.15723
vt 0.75000 5.15723
vt 0.81250 5.15723
vt 0.87500 5.15723
vt 0.93750 5.15723
vt 0.00000 5.22013
vt 0.06250 5.22013
vt 0.12500 5.22013
vt 0.18750 5.22013
vt 0.25000 5.22013
vt 0.31250 5.22013
vt 0.37500 5.22013
vt 0.43750 5.22013
vt 0.50000 5.22013
vt 0.56250 5.22013
vt 0.62500 5.22013
vt 0.68750 5.22013
vt 0.75000 5.22013
vt 0.81250 5.22013
vt 0.87500 5.22013
vt 0.93750 5.22013
vt 0.00000 5.28302
vt 0.06250 5.28302
vt 0.12500 5.28302
vt 0.18750 5.28302
vt 0.25000 5.28302
vt 0.31250 5.28302
vt 0.37500 5.28302
vt 0.43750 5.28302
vt 0.50000 5.28302
vt 0.56250 5.28302
vt 0.62500 5.28302
vt 0.68750 5.28302
vt 0.75000 5.28302
vt 0.81250 5.28302
vt 0.87500 5.28302
vt 0.93750 5.28302
vt 0.00000 5.34591
vt 0.06250 5.34591
vt 0.12500 5.34591
vt 0.18750 5.34591
vt 0.25000 5.34591
vt 0.31250 5.34591
vt 0.37500 5.34591
vt 0.43750 5.34591
vt 0.50000 5.34591
vt 0.56250 5.34591
vt 0.62500 5.34591
vt 0.68750 5.34591
vt 0.75000 5.34591
vt 0.81250 5.34591
vt 0.87500 5.34591
vt 0.93750 5.34591
vt 0.00000 5.40881
vt 0.06250 5.40881
vt 0.12500 5.40881
vt 0.18750 5.40881
vt 0.25000 5.40881
vt 0.31250 5.40881
vt 0.37500 5.40881
vt 0.43750 5.40881
vt 0.50000 5.40881
vt 0.56250 5.40881
vt 0.62500 5.40881
vt 0.68750 5.40881
vt 0.75000 5.40881
vt 0.81250 5.40881
vt 0.87500 5.40881
vt 0.93750 5.40881
vt 0.00000 5.47170
vt 0.06250 5.47170
vt 0.12500 5.47170
vt 0.18750 5.47170
vt 0.25000 5.47170
vt 0.31250 5.47170
vt 0.37500 5.47170
vt 0.43750 5.47170
vt 0.50000 5.47170
vt 0.56250 5.47170
vt 0.62500 5.47170
vt 0.68750 5.47170
vt 0.75000 5.47170
vt 0.81250 5.47170
vt 0.87500 5.47170
vt 0.93750 5.47170
vt 0.00000 5.53459
vt 0.06250 5.53459
vt 0.12500 5.53459
vt 0.18750 5.53459
vt 0.25000 5.53459
vt 0.31250 5.53459
vt 0.37500 5.53459
vt 0.43750 5.53459
vt 0.50000 5.53459
vt 0.56250 5.53459
vt 0.62500 5.53459
vt 0.68750 5.53459
vt 0.75000 5.53459
vt 0.81250 5.53459
vt 0.87500 5.53459
vt 0.93750 5.53459
vt 0.00000 5.59748
vt 0.06250 5.59748
vt 0.12500 5.59748
vt 0.18750 5.59748
vt 0.25000 5.59748
vt 0.31250 5.59748
vt 0.37500 5.59748
vt 0.43750 5.59748
vt 0.50000 5.59748
vt 0.56250 5.59748
vt 0.62500 5.59748
vt 0.68750 5.59748
vt 0.75000 5.59748
vt 0.81250 5.59748
vt 0.87500 5.59748
vt 0.93750 5.59748
vt 0.00000 5.66038
vt 0.06250 5.66038
vt 0.12500 5.66038
vt 0.18750 5.66038
vt 0.25000 5.66038
vt 0.31250 5.66038
vt 0.37500 5.66038
vt 0.43750 5.66038
vt 0.50000 5.66038
vt 0.56250 5.66038
vt 0.62500 5.66038
vt 0.68750 5.66038
vt 0.75000 5.66038
vt 0.81250 5.66038
vt 0.87500 5.66038
vt 0.93750 5.66038
vt 0.00000 5.72327
vt 0.06250 5.72327
vt 0.12500 5.72327
vt 0.18750 5.72327
vt 0.25000 5.72327
vt 0.31250 5.72327
vt 0.37500 5.72327
vt 0.43750 5.72327
vt 0.50000 5.72327
vt 0.56250 5.72327
vt 0.62500 5.72327
vt 0.68750 5.72327
vt 0.75000 5.72327
vt 0.81250 5.72327
vt 0.87500 5.72327
vt 0.93750 5.72327
vt 0.00000 5.78616
vt 0.06250 5.78616
vt 0.12500 5.78616
vt 0.18750 5.78616
vt 0.25000 5.78616
vt 0.31250 5.78616
vt 0.37500 5.78616
vt 0.43750 5.78616
vt 0.50000 5.78616
vt 0.56250 5.78616
vt 0.62500 5.78616
vt 0.68750 5.78616
vt 0.75000 5.78616
vt 0.81250 5.78616
vt 0.87500 5.78616
vt 0.93750 5.78616
vt 0.00000 5.84906
vt 0.06250 5.84906
vt 0.12500 5.84906
vt 0.18750 5.84906
vt 0.25000 5.84906
vt 0.31250 5.84906
vt 0.37500 5.84906
vt 0.43750 5.84906
vt 0.50000 5.84906
vt 0.56250 5.84906
vt 0.62500 5.84906
vt 0.68750 5.84906
vt 0.75000 5.84906
vt 0.81250 5.84906
vt 0.87500 5.84906
vt 0.93750 5.84906
vt 0.00000 5.91195
vt 0.06250 5.91195
vt 0.12500 5.91195
vt 0.18750 5.91195
vt 0.25000 5.91195
vt 0.31250 5.91195
vt 0.37500 5.91195
vt 0.43750 5.91195
vt 0.50000 5.91195
vt 0.56250 5.91195
vt 0.62500 5.91195
vt 0.68750 5.91195
vt 0.75000 5.91195
vt 0.81250 5.91195
vt 0.87500 5.91195
vt 0.93750 5.91195
vt 0.00000 5.97484
vt 0.06250 5.97484
vt 0.12500 5.97484
vt 0.18750 5.97484
vt 0.25000 5.97484
vt 0.31250 5.97484
vt 0.37500 5.97484
vt 0.43750 5.97484
vt 0.50000 5.97484
vt 0.56250 5.97484
vt 0.62500 5.97484
vt 0.68750 5.97484
vt 0.75000 5.97484
vt 0.81250 5.97484
vt 0.87500 5.97484
vt 0.93750 5.97484
vt 0.00000 6.03774
vt 0.06250 6.03774
vt 0.12500 6.03774
vt 0.18750 6.03774
vt 0.25000 6.03774
vt 0.31250 6.03774
vt 0.37500 6.03774
vt 0.43750 6.03774
vt 0.50000 6.03774
vt 0.56250 6.03774
vt 0.62500 6.03774
vt 0.68750 6.03774
vt 0.75000 6.03774
vt 0.81250 6.03774
vt 0.87500 6.03774
vt 0.93750 6.03774
vt 0.00000 6.10063
vt 0.06250 6.10063
vt 0.12500 6.10063
vt 0.18750 6.10063
vt 0.25000 6.10063
vt 0.31250 6.10063
vt 0.37500 6.10063
vt 0.43750 6.10063
vt 0.50000 6.10063
vt 0.56250 6.10063
vt 0.62500 6.10063
vt 0.68750 6.10063
vt 0.75000 6.10063
vt 0.81250 6.10063
vt 0.87500 6.10063
vt 0.93750 6.10063
vt 0.00000 6.16352
vt 0.06250 6.16352
vt 0.12500 6.16352
vt 0.18750 6.16352
vt 0.25000 6.16352
vt 0.31250 6.16352
vt 0.37500 6.16352
vt 0.43750 6.16352
vt 0.50000 6.16352
vt 0.56250 6.16352
vt 0.62500 6.16352
vt 0.68750 6.16352
vt 0.75000 6.16352
vt 0.81250 6.16352
vt 0.87500 6.16352
vt 0.93750 6.16352
vt 0.00000 6.22642
vt 0.06250 6.22642
vt 0.12500 6.22642
vt 0.18750 6.22642
vt 0.25000 6.22642
vt 0.31250 6.22642
vt 0.37500 6.22642
vt 0.43750 6.22642
vt 0.50000 6.22642
vt 0.56250 6.22642
vt 0.62500 6.22642
vt 0.68750 6.22642
vt 0.75000 6.22642
vt 0.81250 6.22642
vt 0.87500 6.22642
vt 0.93750 6.22642
vt 0.00000 6.28931
vt 0.06250 6.28931
vt 0.12500 6.28931
vt 0.18750 6.28931
vt 0.25000 6.28931
vt 0.31250 6.28931
vt 0.37500 6.28931
vt 0.43750 6.28931
vt 0.50000 6.28931
vt 0.56250 6.28931
vt 0.62500 6.28931
vt 0.68750 6.28931
vt 0.75000 6.28931
vt 0.81250 6.28931
vt 0.87500 6.28931
vt 0.93750 6.28931
vt 0.00000 6.35220
vt 0.06250 6.35220
vt 0.12500 6.35220
vt 0.18750 6.35220
vt 0.25000 6.35220
vt 0.31250 6.35220
vt 0.37500 6.35220
vt 0.43750 6.35220
vt 0.50000 6.35220
vt 0.56250 6.35220
vt 0.62500 6.35220
vt 0.68750 6.35220
vt 0.75000 6.35220
vt 0.81250 6.35220
vt 0.87500 6.35220
vt 0.93750 6.35220
vt 0.00000 6.41509
vt 0.06250 6.41509
vt 0.12500 6.41509
vt 0.18750 6.41509
vt 0.25000 6.41509
vt 0.31250 6.41509
vt 0.37500 6.41509
vt 0.43750 6.41509
vt 0.50000 6.41509
vt 0.56250 6.41509
vt 0.62500 6.41509
vt 0.68750 6.41509
vt 0.75000 6.41509
vt 0.81250 6.41509
vt 0.87500 6.41509
vt 0.93750 6.41509
vt 0.00000 6.47799
vt 0.06250 6.47799
vt 0.12500 6.47799
vt 0.18750 6.47799
vt 0.25000 6.47799
vt 0.31250 6.47799
vt 0.37500 6.47799
vt 0.43750 6.47799
vt 0.50000 6.47799
vt 0.56250 6.47799
vt 0.62500 6.47799
vt 0.68750 6.47799
vt 0.75000 6.47799
vt 0.81250 6.47799
vt 0.87500 6.47799
vt 0.93750 6.47799
vt 0.00000 6.54088
vt 0.06250 6.54088
vt 0.12500 6.54088
vt 0.18750 6.54088
vt 0.25000 6.54088
vt 0.31250 6.54088
vt 0.37500 6.54088
vt 0.43750 6.54088
vt 0.50000 6.54088
vt 0.56250 6.54088
vt 0.62500 6.54088
vt 0.68750 6.54088
vt 0.75000 6.54088
vt 0.81250 6.54088
vt 0.87500 6.54088
vt 0.93750 6.54088
vt 0.00000 6.60377
vt 0.06250 6.60377
vt 0.12500 6.60377
vt 0.18750 6.60377
vt 0.25000 6.60377
vt 0.31250 6.60377
vt 0.37500 6.60377
vt 0.43750 6.60377
vt 0.50000 6.60377
vt 0.56250 6.60377
vt 0.62500 6.60377
vt 0.68750 6.60377
vt 0.75000 6.60377
vt 0.81250 6.60377
vt 0.87500 6.60377
vt 0.93750 6.60377
vt 0.00000 6.66667
vt 0.06250 6.66667
vt 0.12500 6.66667
vt 0.18750 6.66667
vt 0.25000 6.66667
vt 0.31250 6.66667
vt 0.37500 6.66667
vt 0.43750 6.66667
vt 0.50000 6.66667
vt 0.56250 6.66667
vt 0.62500 6.66667
vt 0.68750 6.66667
vt 0.75000 6.66667
vt 0.81250 6.66667
vt 0.87500 6.66667
vt 0.93750 6.66667
vt 0.00000 6.72956
vt 0.06250 6.72956
vt 0.12500 6.72956
vt 0.18750 6.72956
vt 0.25000 6.72956
vt 0.31250 6.72956
vt 0.37500 6.72956
vt 0.43750 6.72956
vt 0.50000 6.72956
vt 0.56250 6.72956
vt 0.62500 6.72956
vt 0.68750 6.72956
vt 0.75000 6.72956
vt 0.81250 6.72956
vt 0.87500 6.72956
vt 0.93750 6.72956
vt 0.00000 6.79245
vt 0.06250 6.79245
vt 0.12500 6.79245
vt 0.18750 6.79245
vt 0.25000 6.79245
vt 0.31250 6.79245
vt 0.37500 6.79245
vt 0.43750 6.79245
vt 0.50000 6.79245
vt 0.56250 6.79245
vt 0.62500 6.79245
vt 0.68750 6.79245
vt 0.75000 6.79245
vt 0.81250 6.79245
vt 0.87500 6.79245
vt 0.93750 6.79245
vt 0.00000 6.85535
vt 0.06250 6.85535
vt 0.12500 6.85535
vt 0.18750 6.85535
vt 0.25000 6.85535
vt 0.31250 6.85535
vt 0.37500 6.85535
vt 0.43750 6.85535
vt 0.50000 6.85535
vt 0.56250 6.85535
vt 0.62500 6.85535
vt 0.68750 6.85535
vt 0.75000 6.85535
vt 0.81250 6.85535
vt 0.87500 6.85535
vt 0.93750 6.85535
vt 0.00000 6.91824
vt 0.06250 6.91824
vt 0.12500 6.91824
vt 0.18750 6.91824
vt 0.25000 6.91824
vt 0.31250 6.91824
vt 0.37500 6.91824
vt 0.43750 6.91824
vt 0.50000 6.91824
vt 0.56250 6.91824
vt 0.62500 6.91824
vt 0.68750 6.91824
vt 0.75000 6.91824
vt 0.81250 6.91824
vt 0.87500 6.91824
vt 0.93750 6.91824
vt 0.00000 6.98113
vt 0.06250 6.98113
vt 0.12500 6.98113
vt 0.18750 6.98113
vt 0.25000 6.98113
vt 0.31250 6.98113
vt 0.37500 6.98113
vt 0.43750 6.98113
vt 0.50000 6.98113
vt 0.56250 6.98113
vt 0.62500 6.98113
vt 0.68750 6.98113
vt 0.75000 6.98113
vt 0.81250 6.98113
vt 0.87500 6.98113
vt 0.93750 6.98113
vt 0.00000 7.04403
vt 0.06250 7.04403
vt 0.12500 7.04403
vt 0.18750 7.04403
vt 0.25000 7.04403
vt 0.31250 7.04403
vt 0.37500 7.04403
vt 0.43750 7.04403
vt 0.50000 7.04403
vt 0.56250 7.04403
vt 0.62500 7.04403
vt 0.68750 7.04403
vt 0.75000 7.04403
vt 0.81250 7.04403
vt 0.87500 7.04403
vt 0.93750 7.04403
vt 0.00000 7.10692
vt 0.06250 7.10692
vt 0.12500 7.10692
vt 0.18750 7.10692
vt 0.25000 7.10692
vt 0.31250 7.10692
vt 0.37500 7.10692
vt 0.43750 7.10692
vt 0.50000 7.10692
vt 0.56250 7.10692
vt 0.62500 7.10692
vt 0.68750 7.10692
vt 0.75000 7.10692
vt 0.81250 7.10692
vt 0.87500 7.10692
vt 0.93750 7.10692
vt 0.00000 7.16981
vt 0.06250 7.16981
vt 0.12500 7.16981
vt 0.18750 7.16981
vt 0.25000 7.16981
vt 0.31250 7.16981
vt 0.37500 7.16981
vt 0.43750 7.16981
vt 0.50000 7.16981
vt 0.56250 7.16981
vt 0.62500 7.16981
vt 0.68750 7.16981
vt 0.75000 7.16981
vt 0.81250 7.16981
vt 0.87500 7.16981
vt 0.93750 7.16981
vt 0.00000 7.23270
vt 0.06250 7.23270
vt 0.12500 7.23270
vt 0.18750 7.23270
vt 0.25000 7.23270
vt 0.31250 7.23270
vt 0.37500 7.23270
vt 0.43750 7.23270
vt 0.50000 7.23270
vt 0.56250 7.23270
vt 0.62500 7.23270
vt 0.68750 7.23270
vt 0.75000 7.23270
vt 0.81250 7.23270
vt 0.87500 7.23270
vt 0.93750 7.23270
vt 0.00000 7.29560
vt 0.06250 7.29560
vt 0.12500 7.29560
vt 0.18750 7.29560
vt 0.25000 7.29560
vt 0.31250 7.29560
vt 0.37500 7.29560
vt 0.43750 7.29560
vt 0.50000 7.29560
vt 0.56250 7.29560
vt 0.62500 7.29560
vt 0.68750 7.29560
vt 0.75000 7.29560
vt 0.81250 7.29560
vt 0.87500 7.29560
vt 0.93750 7.29560
vt 0.00000 7.35849
vt 0.06250 7.35849
vt 0.12500 7.35849
vt 0.18750 7.35849
vt 0.25000 7.35849
vt 0.31250 7.35849
vt 0.37500 7.35849
vt 0.43750 7.35849
vt 0.50000 7.35849
vt 0.56250 7.35849
vt 0.62500 7.35849
vt 0.68750 7.35849
vt 0.75000 7.35849
vt 0.81250 7.35849
vt 0.87500 7.35849
vt 0.93750 7.35849
vt 0.00000 7.42138
vt 0.06250 7.42138
vt 0.12500 7.42138
vt 0.18750 7.42138
vt 0.25000 7.42138
vt 0.31250 7.42138
vt 0.37500 7.42138
vt 0.43750 7.42138
vt 0.50000 7.42138
vt 0.56250 7.42138
vt 0.62500 7.42138
vt 0.68750 7.42138
vt 0.75000 7.42138
vt 0.81250 7.42138
vt 0.87500 7.42138
vt 0.93750 7.42138
vt 0.00000 7.48428
vt 0.06250 7.48428
vt 0.12500 7.48428
vt 0.18750 7.48428
vt 0.25000 7.48428
vt 0.31250 7.48428
vt 0.37500 7.48428
vt 0.43750 7.48428
vt 0.50000 7.48428
vt 0.56250 7.48428
vt 0.62500 7.48428
vt 0.68750 7.48428
vt 0.75000 7.48428
vt 0.81250 7.48428
vt 0.87500 7.48428
vt 0.93750 7.48428
vt 0.00000 7.54717
vt 0.06250 7.54717
vt 0.12500 7.54717
vt 0.18750 7.54717
vt 0.25000 7.54717
vt 0.31250 7.54717
vt 0.37500 7.54717
vt 0.43750 7.54717
vt 0.50000 7.54717
vt 0.56250 7.54717
vt 0.62500 7.54717
vt 0.68750 7.54717
vt 0.75000 7.54717
vt 0.81250 7.54717
vt 0.87500 7.54717
vt 0.93750 7.54717
vt 0.00000 7.61006
vt 0.06250 7.61006
vt 0.12500 7.61006
vt 0.18750 7.61006
vt 0.25000 7.61006
vt 0.31250 7.61006
vt 0.37500 7.61006
vt 0.43750 7.61006
vt 0.50000 7.61006
vt 0.56250 7.61006
vt 0.62500 7.61006
vt 0.68750 7.61006
vt 0.75000 7.61006
vt 0.81250 7.61006
vt 0.87500 7.61006
vt 0.93750 7.61006
vt 0.00000 7.67296
vt 0.06250 7.67296
vt 0.12500 7.67296
vt 0.18750 7.67296
vt 0.25000 7.67296
vt 0.31250 7.67296
vt 0.37500 7.67296
vt 0.43750 7.67296
vt 0.50000 7.67296
vt 0.56250 7.67296
vt 0.62500 7.67296
vt 0.68750 7.67296
vt 0.75000 7.67296
vt 0.81250 7.67296
vt 0.87500 7.67296
vt 0.93750 7.67296
vt 0.00000 7.73585
vt 0.06250 7.73585
vt 0.12500 7.73585
vt 0.18750 7.73585
vt 0.25000 7.73585
vt 0.31250 7.73585
vt 0.37500 7.73585
vt 0.43750 7.73585
vt 0.50000 7.73585
vt 0.56250 7.73585
vt 0.62500 7.73585
vt 0.68750 7.73585
vt 0.75000 7.73585
vt 0.81250 7.73585
vt 0.87500 7.73585
vt 0.93750 7.73585
vt 0.00000 7.79874
vt 0.06250 7.79874
vt 0.12500 7.79874
vt 0.18750 7.79874
vt 0.25000 7.79874
vt 0.31250 7.79874
vt 0.37500 7.79874
vt 0.43750 7.79874
vt 0.50000 7.79874
vt 0.56250 7.79874
vt 0.62500 7.79874
vt 0.68750 7.79874
vt 0.75000 7.79874
vt 0.81250 7.79874
vt 0.87500 7.79874
vt 0.93750 7.79874
vt 0.00000 7.86164
vt 0.06250 7.86164
vt 0.12500 7.86164
vt 0.18750 7.86164
vt 0.25000 7.86164
vt 0.31250 7.86164
vt 0.37500 7.86164
vt 0.43750 7.86164
vt 0.50000 7.86164
vt 0.56250 7.86164
vt 0.62500 7.86164
vt 0.68750 7.86164
vt 0.75000 7.86164
vt 0.81250 7.86164
vt 0.87500 7.86164
vt 0.93750 7.86164
vt 0.00000 7.92453
vt 0.06250 7.92453
vt 0.12500 7.92453
vt 0.18750 7.92453
vt 0.25000 7.92453
vt 0.31250 7.92453
vt 0.37500 7.92453
vt 0.43750 7.92453
vt 0.50000 7.92453
vt 0.56250 7.92453
vt 0.62500 7.92453
vt 0.68750 7.92453
vt 0.75000 7.92453
vt 0.81250 7.92453
vt 0.87500 7.92453
vt 0.93750 7.92453
vt 0.00000 7.98742
vt 0.06250 7.98742
vt 0.12500 7.98742
vt 0.18750 7.98742
vt 0.25000 7.98742
vt 0.31250 7.98742
vt 0.37500 7.98742
vt 0.43750 7.98742
vt 0.50000 7.98742
vt 0.56250 7.98742
vt 0.62500 7.98742
vt 0.68750 7.98742
vt 0.75000 7.98742
vt 0.81250 7.98742
vt 0.87500 7.98742
vt 0.93750 7.98742
vt 0.00000 8.05031
vt 0.06250 8.05031
vt 0.12500 8.05031
vt 0.18750 8.05031
vt 0.25000 8.05031
vt 0.31250 8.05031
vt 0.37500 8.05031
vt 0.43750 8.05031
vt 0.50000 8.05031
vt 0.56250 8.05031
vt 0.62500 8.05031
vt 0.68750 8.05031
vt 0.75000 8.05031
vt 0.81250 8.05031
vt 0.87500 8.05031
vt 0.93750 8.05031
vt 0.00000 8.11321
vt 0.06250 8.11321
vt 0.12500 8.11321
vt 0.18750 8.11321
vt 0.25000 8.11321
vt 0.31250 8.11321
vt 0.37500 8.11321
vt 0.43750 8.11321
vt 0.50000 8.11321
vt 0.56250 8.11321
vt 0.62500 8.11321
vt 0.68750 8.11321
vt 0.75000 8.11321
vt 0.81250 8.11321
vt 0.87500 8.11321
vt 0.93750 8.11321
vt 0.00000 8.17610
vt 0.06250 8.17610
vt 0.12500 8.17610
vt 0.18750 8.17610
vt 0.25000 8.17610
vt 0.31250 8.17610
vt 0.37500 8.17610
vt 0.43750 8.17610
vt 0.50000 8.17610
vt 0.56250 8.17610
vt 0.62500 8.17610
vt 0.68750 8.17610
vt 0.75000 8.17610
vt 0.81250 8.17610
vt 0.87500 8.17610
vt 0.93750 8.17610
vt 0.00000 8.23899
vt 0.06250 8.23899
vt 0.12500 8.23899
vt 0.18750 8.23899
vt 0.25000 8.23899
vt 0.31250 8.23899
vt 0.37500 8.23899
vt 0.43750 8.23899
vt 0.50000 8.23899
vt 0.56250 8.23899
vt 0.62500 8.23899
vt 0.68750 8.23899
vt 0.75000 8.23899
vt 0.81250 8.23899
vt 0.87500 8.23899
vt 0.93750 8.23899
vt 0.00000 8.30189
vt 0.06250 8.30189
vt 0.12500 8.30189
vt 0.18750 8.30189
vt 0.25000 8.30189
vt 0.31250 8.30189
vt 0.37500 8.30189
vt 0.43750 8.30189
vt 0.50000 8.30189
vt 0.56250 8.30189
vt 0.62500 8.30189
vt 0.68750 8.30189
vt 0.75000 8.30189
vt 0.81250 8.30189
vt 0.87500 8.30189
vt 0.93750 8.30189
vt 0.00000 8.36478
vt 0.06250 8.36478
vt 0.12500 8.36478
vt 0.18750 8.36478
vt 0.25000 8.36478
vt 0.31250 8.36478
vt 0.37500 8.36478
vt 0.43750 8.36478
vt 0.50000 8.36478
vt 0.56250 8.36478
vt 0.62500 8.36478
vt 0.68750 8.36478
vt 0.75000 8.36478
vt 0.81250 8.36478
vt 0.87500 8.36478
vt 0.93750 8.36478
vt 0.00000 8.42767
vt 0.06250 8.42767
vt 0.12500 8.42767
vt 0.18750 8.42767
vt 0.25000 8.42767
vt 0.31250 8.42767
vt 0.37500 8.42767
vt 0.43750 8.42767
vt 0.50000 8.42767
vt 0.56250 8.42767
vt 0.62500 8.42767
vt 0.68750 8.42767
vt 0.75000 8.42767
vt 0.81250 8.42767
vt 0.87500 8.42767
vt 0.93750 8.42767
vt 0.00000 8.49057
vt 0.06250 8.49057
vt 0.12500 8.49057
vt 0.18750 8.49057
vt 0.25000 8.49057
vt 0.31250 8.49057
vt 0.37500 8.49057
vt 0.43750 8.49057
vt 0.50000 8.49057
vt 0.56250 8.49057
vt 0.62500 8.49057
vt 0.68750 8.49057
vt 0.75000 8.49057
vt 0.81250 8.49057
vt 0.87500 8.49057
vt 0.93750 8.49057
vt 0.00000 8.55346
vt 0.06250 8.55346
vt 0.12500 8.55346
vt 0.18750 8.55346
vt 0.25000 8.55346
vt 0.31250 8.55346
vt 0.37500 8.55346
vt 0.43750 8.55346
vt 0.50000 8.55346
vt 0.56250 8.55346
vt 0.62500 8.55346
vt 0.68750 8.55346
vt 0.75000 8.55346
vt 0.81250 8.55346
vt 0.87500 8.55346
vt 0.93750 8.55346
vt 0.00000 8.61635
vt 0.06250 8.61635
vt 0.12500 8.61635
vt 0.18750 8.61635
vt 0.25000 8.61635
vt 0.31250 8.61635
vt 0.37500 8.61635
vt 0.43750 8.61635
vt 0.50000 8.61635
vt 0.56250 8.61635
vt 0.62500 8.61635
vt 0.68750 8.61635
vt 0.75000 8.61635
vt 0.81250 8.61635
vt 0.87500 8.61635
vt 0.93750 8.61635
vt 0.00000 8.67925
vt 0.06250 8.67925
vt 0.12500 8.67925
vt 0.18750 8.67925
vt 0.25000 8.67925
vt 0.31250 8.67925
vt 0.37500 8.67925
vt 0.43750 8.67925
vt 0.50000 8.67925
vt 0.56250 8.67925
vt 0.62500 8.67925
vt 0.68750 8.67925
vt 0.75000 8.67925
vt 0.81250 8.67925
vt 0.87500 8.67925
vt 0.93750 8.67925
vt 0.00000 8.74214
vt 0.06250 8.74214
vt 0.12500 8.74214
vt 0.18750 8.74214
vt 0.25000 8.74214
vt 0.31250 8.74214
vt 0.37500 8.74214
vt 0.43750 8.74214
vt 0.50000 8.74214
vt 0.56250 8.74214
vt 0.62500 8.74214
vt 0.68750 8.74214
vt 0.75000 8.74214
vt 0.81250 8.74214
vt 0.87500 8.74214
vt 0.93750 8.74214
vt 0.00000 8.80503
vt 0.06250 8.80503
vt 0.12500 8.80503
vt 0.18750 8.80503
vt 0.25000 8.80503
vt 0.31250 8.80503
vt 0.37500 8.80503
vt 0.43750 8.80503
vt 0.50000 8.80503
vt 0.56250 8.80503
vt 0.62500 8.80503
vt 0.68750 8.80503
vt 0.75000 8.80503
vt 0.81250 8.80503
vt 0.87500 8.80503
vt 0.93750 8.80503
vt 0.00000 8.86792
vt 0.06250 8.86792
vt 0.12500 8.86792
vt 0.18750 8.86792
vt 0.25000 8.86792
vt 0.31250 8.86792
vt 0.37500 8.86792
vt 0.43750 8.86792
vt 0.50000 8.86792
vt 0.56250 8.86792
vt 0.62500 8.86792
vt 0.68750 8.86792
vt 0.75000 8.86792
vt 0.81250 8.86792
vt 0.87500 8.86792
vt 0.93750 8.86792
vt 0.00000 8.93082
vt 0.06250 8.93082
vt 0.12500 8.93082
vt 0.18750 8.93082
vt 0.25000 8.93082
vt 0.31250 8.93082
vt 0.37500 8.93082
vt 0.43750 8.93082
vt 0.50000 8.93082
vt 0.56250 8.93082
vt 0.62500 8.93082
vt 0.68750 8.93082
vt 0.75000 8.93082
vt 0.81250 8.93082
vt 0.87500 8.93082
vt 0.93750 8.93082
vt 0.00000 8.99371
vt 0.06250 8.99371
vt 0.12500 8.99371
vt 0.18750 8.99371
vt 0.25000 8.99371
vt 0.31250 8.99371
vt 0.37500 8.99371
vt 0.43750 8.99371
vt 0.50000 8.99371
vt 0.56250 8.99371
vt 0.62500 8.99371
vt 0.68750 8.99371
vt 0.75000 8.99371
vt 0.81250 8.99371
vt 0.87500 8.99371
vt 0.93750 8.99371
vt 0.00000 9.05660
vt 0.06250 9.05660
vt 0.12500 9.05660
vt 0.18750 9.05660
vt 0.25000 9.05660
vt 0.31250 9.05660
vt 0.37500 9.05660
vt 0.43750 9.05660
vt 0.50000 9.05660
vt 0.56250 9.05660
vt 0.62500 9.05660
vt 0.68750 9.05660
vt 0.75000 9.05660
vt 0.81250 9.05660
vt 0.87500 9.05660
vt 0.93750 9.05660
vt 0.00000 9.11950
vt 0.06250 9.11950
vt 0.12500 9.11950
vt 0.18750 9.11950
vt 0.25000 9.11950
vt 0.31250 9.11950
vt 0.37500 9.11950
vt 0.43750 9.11950
vt 0.50000 9.11950
vt 0.56250 9.11950
vt 0.62500 9.11950
vt 0.68750 9.11950
vt 0.75000 9.11950
vt 0.81250 9.11950
vt 0.87500 9.11950
vt 0.93750 9.11950
vt 0.00000 9.18239
vt 0.06250 9.18239
vt 0.12500 9.18239
vt 0.18750 9.18239
vt 0.25000 9.18239
vt 0.31250 9.18239
vt 0.37500 9.18239
vt 0.43750 9.18239
vt 0.50000 9.18239
vt 0.56250 9.18239
vt 0.62500 9.18239
vt 0.68750 9.18239
vt 0.75000 9.18239
vt 0.81250 9.18239
vt 0.87500 9.18239
vt 0.93750 9.18239
vt 0.00000 9.24528
vt 0.06250 9.24528
vt 0.12500 9.24528
vt 0.18750 9.24528
vt 0.25000 9.24528
vt 0.31250 9.24528
vt 0.37500 9.24528
vt 0.43750 9.24528
vt 0.50000 9.24528
vt 0.56250 9.24528
vt 0.62500 9.24528
vt 0.68750 9.24528
vt 0.75000 9.24528
vt 0.81250 9.24528
vt 0.87500 9.24528
vt 0.93750 9.24528
vt 0.00000 9.30818
vt 0.06250 9.30818
vt 0.12500 9.30818
vt 0.18750 9.30818
vt 0.25000 9.30818
vt 0.31250 9.30818
vt 0.37500 9.30818
vt 0.43750 9.30818
vt 0.50000 9.30818
vt 0.56250 9.30818
vt 0.62500 9.30818
vt 0.68750 9.30818
vt 0.75000 9.30818
vt 0.81250 9.30818
vt 0.87500 9.30818
vt 0.93750 9.30818
vt 0.00000 9.37107
vt 0.06250 9.37107
vt 0.12500 9.37107
vt 0.18750 9.37107
vt 0.25000 9.37107
vt 0.31250 9.37107
vt 0.37500 9.37107
vt 0.43750 9.37107
vt 0.50000 9.37107
vt 0.56250 9.37107
vt 0.62500 9.37107
vt 0.68750 9.37107
vt 0.75000 9.37107
vt 0.81250 9.37107
vt 0.87500 9.37107
vt 0.93750 9.37107
vt 0.00000 9.43396
vt 0.06250 9.43396
vt 0.12500 9.43396
vt 0.18750 9.43396
vt 0.25000 9.43396
vt 0.31250 9.43396
vt 0.37500 9.43396
vt 0.43750 9.43396
vt 0.50000 9.43396
vt 0.56250 9.43396
vt 0.62500 9.43396
vt 0.68750 9.43396
vt 0.75000 9.43396
vt 0.81250 9.43396
vt 0.87500 9.43396
vt 0.93750 9.43396
vt 0.00000 9.49686
vt 0.06250 9.49686
vt 0.12500 9.49686
vt 0.18750 9.49686
vt 0.25000 9.49686
vt 0.31250 9.49686
vt 0.37500 9.49686
vt 0.43750 9.49686
vt 0.50000 9.49686
vt 0.56250 9.49686
vt 0.62500 9.49686
vt 0.68750 9.49686
vt 0.75000 9.49686
vt 0.81250 9.49686
vt 0.87500 9.49686
vt 0.93750 9.49686
vt 0.00000 9.55975
vt 0.06250 9.55975
vt 0.12500 9.55975
vt 0.18750 9.55975
vt 0.25000 9.55975
vt 0.31250 9.55975
vt 0.37500 9.55975
vt 0.43750 9.55975
vt 0.50000 9.55975
vt 0.56250 9.55975
vt 0.62500 9.55975
vt 0.68750 9.55975
vt 0.75000 9.55975
vt 0.81250 9.55975
vt 0.87500 9.55975
vt 0.93750 9.55975
vt 0.00000 9.62264
vt 0.06250 9.62264
vt 0.12500 9.62264
vt 0.18750 9.62264
vt 0.25000 9.62264
vt 0.31250 9.62264
vt 0.37500 9.62264
vt 0.43750 9.62264
vt 0.50000 9.62264
vt 0.56250 9.62264
vt 0.62500 9.62264
vt 0.68750 9.62264
vt 0.75000 9.62264
vt 0.81250 9.62264
vt 0.87500 9.62264
vt 0.93750 9.62264
vt 0.00000 9.68553
vt 0.06250 9.68553
vt 0.12500 9.68553
vt 0.18750 9.68553
vt 0.25000 9.68553
vt 0.31250 9.68553
vt 0.37500 9.68553
vt 0.43750 9.68553
vt 0.50000 9.68553
vt 0.56250 9.68553
vt 0.62500 9.68553
vt 0.68750 9.68553
vt 0.75000 9.68553
vt 0.81250 9.68553
vt 0.87500 9.68553
vt 0.93750 9.68553
vt 0.00000 9.74843
vt 0.06250 9.74843
vt 0.12500 9.74843
vt 0.18750 9.74843
vt 0.25000 9.74843
vt 0.31250 9.74843
vt 0.37500 9.74843
vt 0.43750 9.74843
vt 0.50000 9.74843
vt 0.56250 9.74843
vt 0.62500 9.74843
vt 0.68750 9.74843
vt 0.75000 9.74843
vt 0.81250 9.74843
vt 0.87500 9.74843
vt 0.93750 9.74843
vt 0.00000 9.81132
vt 0.06250 9.81132
vt 0.12500 9.81132
vt 0.18750 9.81132
vt 0.25000 9.81132
vt 0.31250 9.81132
vt 0.37500 9.81132
vt 0.43750 9.81132
vt 0.50000 9.81132
vt 0.56250 9.81132
vt 0.62500 9.81132
vt 0.68750 9.81132
vt 0.75000 9.81132
vt 0.81250 9.81132
vt 0.87500 9.81132
vt 0.93750 9.81132
vt 0.00000 9.87421
vt 0.06250 9.87421
vt 0.12500 9.87421
vt 0.18750 9.87421
vt 0.25000 9.87421
vt 0.31250 9.87421
vt 0.37500 9.87421
vt 0.43750 9.87421
vt 0.50000 9.87421
vt 0.56250 9.87421
vt 0.62500 9.87421
vt 0.68750 9.87421
vt 0.75000 9.87421
vt 0.81250 9.87421
vt 0.87500 9.87421
vt 0.93750 9.87421
vt 0.00000 9.93711
vt 0.06250 9.93711
vt 0.12500 9.93711
vt 0.18750 9.93711
vt 0.25000 9.93711
vt 0.31250 9.93711
vt 0.37500 9.93711
vt 0.43750 9.93711
vt 0.50000 9.93711
vt 0.56250 9.93711
vt 0.62500 9.93711
vt 0.68750 9.93711
vt 0.75000 9.93711
vt 0.81250 9.93711
vt 0.87500 9.93711
vt 0.93750 9.93711
vt 0.00000 10.00000
vt 0.06250 10.00000
vt 0.12500 10.00000
vt 0.18750 10.00000
vt 0.25000 10.00000
vt 0.31250 10.00000
vt 0.37500 10.00000
vt 0.43750 10.00000
vt 0.50000 10.00000
vt 0.56250 10.00000
vt 0.62500 10.00000
vt 0.68750 10.00000
vt 0.75000 10.00000
vt 0.81250 10.00000
vt 0.87500 10.00000
vt 0.93750 10.00000
f 1/1 17/17 2/2
f 2/2 17/17 18/18
f 2/2 18/18 3/3
f 3/3 18/18 19/19
f 3/3 19/19 4/4
f 4/4 19/19 20/20
f 4/4 20/20 5/5
f 5/5 20/20 21/21
f 5/5 21/21 6/6
f 6/6 21/21 22/22
f 6/6 22/22 7/7
f 7/7 22/22 23/23
f 7/7 23/23 8/8
f 8/8 23/23 24/24
f 8/8 24/24 9/9
f 9/9 24/24 25/25
f 9/9 25/25 10/10
f 10/10 25/25 26/26
f 10/10 26/26 11/11
f 11/11 26/26 27/27
f 11/11 27/27 12/12
f 12/12 27/27 28/28
f 12/12 28/28 13/13
f 13/13 28/28 29/29
f 13/13 29/29 14/14
f 14/14 29/29 30/30
f 14/14 30/30 15/15
f 15/15 30/30 31/31
f 15/15 31/31 16/16
f 16/16 31/31 32/32
f 16/16 32/32 1/1
f 1/1 32/32 17/17
f 17/17 33/33 18/18
f 18/18 33/33 34/34
f 18/18 34/34 19/19
f 19/19 34/34 35/35
f 19/19 35/35 20/20
f 20/20 35/35 36/36
f 20/20 36/36 21/21
f 21/21 36/36 37/37
f 21/21 37/37 22/22
f 22/22 37/37 38/38
f 22/22 38/38 23/23
f 23/23 38/38 39/39
f 23/23 39/39 24/24
f 24/24 39/39 40/40
f 24/24 40/40 25/25
f 25/25 40/40 41/41
f 25/25 41/41 26/26
f 26/26 41/41 42/42
f 26/26 42/42 27/27
f 27/27 42/42 43/43
f 27/27 43/43 28/28
f 28/28 43/43 44/44
f 28/28 44/44 29/29
f 29/29 44/44 45/45
f 29/29 45/45 30/30
f 30/30 45/45 46/46
f 30/30 46/46 31/31
f 31/31 46/46 47/47
f 31/31 47/47 32/32
f 32/32 47/47 48/48
f 32/32 48/48 17/17
f 17/17 48/48 33/33
f 33/33 49/49 34/34
f 34/34 49/49 50/50
f 34/34 50/50 35/35
f 35/35 50/50 51/51
f 35/35 51/51 36/36
f 36/36 51/51 52/52
f 36/36 52/52 37/37
f 37/37 52/52 53/53
f 37/37 53/53 38/38
f 38/38 53/53 54/54
f 38/38 54/54 39/39
f 39/39 54/54 55/55
f 39/39 55/55 40/40
f 40/40 55/55 56/56
f 40/40 56/56 41/41
f 41/41 56/56 57/57
f 41/41 57/57 42/42
f 42/42 57/57 58/58
f 42/42 58/58 43/43
f 43/43 58/58 59/59
f 43/43 59/59 44/44
f 44/44 59/59 60/60
f 44/44 60/60 45/45
f 45/45 60/60 61/61
f 45/45 61/61 46/46
f 46/46 61/61 62/62
f 46/46 62/62 47/47
f 47/47 62/62 63/63
f 47/47 63/63 48/48
f 48/48 63/63 64/64
f 48/48 64/64 33/33
f 33/33 64/64 49/49
f 49/49 65/65 50/50
f 50/50 65/65 66/66
f 50/50 66/66 51/51
f 51/51 66/66 67/67
f 51/51 67/67 52/52
f 52/52 67/67 68/68
f 52/52 68/68 53/53
f 53/53 68/68 69/69
f 53/53 69/69 54/54
f 54/54 69/69 70/70
f 54/54 70/70 55/55
f 55/55 70/70 71/71
f 55/55 71/71 56/56
f 56/56 71/71 72/72
f 56/56 72/72 57/57
f 57/57 72/72 73/73
f 57/57 73/73 58/58
f 58/58 73/73 74/74
f 58/58 74/74 59/59
f 59/59 74/74 75/75
f 59/59 75/75 60/60
f 60/60 75/75 76/76
f 60/60 76/76 61/61
f 61/61 76/76 77/77
f 61/61 77/77 62/62
f 62/62 77/77 78/78
f 62/62 78/78 63/63
f 63/63 78/78 79/79
f 63/63 79/79 64/64
f 64/64 79/79 80/80
f 64/64 80/80 49/49
f 49/49 80/80 65/65
f 65/65 81/81 66/66
f 66/66 81/81 82/82
f 66/66 82/82 67/67
f 67/67 82/82 83/83
f 67/67 83/83 68/68
f 68/68 83/83 84/84
f 68/68 84/84 69/69
f 69/69 84/84 85/85
f 69/69 85/85 70/70
f 70/70 85/85 86/86
f 70/70 86/86 71/71
f 71/71 86/86 87/87
f 71/71 87/87 72/72
f 72/72 87/87 88/88
f 72/72 88/88 73/73
f 73/73 88/88 89/89
f 73/73 89/89 74/74
f 74/74 89/89 90/90
f 74/74 90/90 75/75
f 75/75 90/90 91/91
f 75/75 91/91 76/76
f 76/76 91/91 92/92
f 76/76 92/92 77/77
f 77/77 92/92 93/93
f 77/77 93/93 78/78
f 78/78 93/93 94/94
f 78/78 94/94 79/79
f 79/79 94/94 95/95
f 79/79 95/95 80/80
f 80/80 95/95 96/96
f 80/80 96/96 65/65
f 65/65 96/96 81/81
f 81/81 97/97 82/82
f 82/82 97/97 98/98
f 82/82 98/98 83/83
f 83/83 98/98 99/99
f 83/83 99/99 84/84
f 84/84 99/99 100/100
f 84/84 100/100 85/85
f 85/85 100/100 101/101
f 85/85 101/101 86/86
f 86/86 101/101 102/102
f 86/86 102/102 87/87
f 87/87 102/102 103/103
f 87/87 103/103 88/88
f 88/88 103/103 104/104
f 88/88 104/104 89/89
f 89/89 104/104 105/105
f 89/89 105/105 90/90
f 90/90 105/105 106/106
f 90/90 106/106 91/91
f 91/91 106/106 107/107
f 91/91 107/107 92/92
f 92/92 107/107 108/108
f 92/92 108/108 93/93
f 93/93 108/108 109/109
f 93/93 109/109 94/94
f 94/94 109/109 110/110
f 94/94 110/110 95/95
f 95/95 110/110 111/111
f 95/95 111/111 96/96
f 96/96 111/111 112/112
f 96/96 112/112 81/81
f 81/81 112/112 97/97
f 97/97 113/113 98/98
f 98/98 113/113 114/114
f 98/98 114/114 99/99
f 99/99 114/114 115/115
f 99/99 115/115 100/100
f 100/100 115/115 116/116
f 100/100 116/116 101/101
f 101/101 116/116 117/117
f 101/101 117/117 102/102
f 102/102 117/117 118/118
f 102/102 118/118 103/103
f 103/103 118/118 119/119
f 103/103 119/119 104/104
f 104/104 119/119 120/120
f 104/104 120/120 105/105
f 105/105 120/120 121/121
f 105/105 121/121 106/106
f 106/106 121/121 122/122
f 106/106 122/122 107/107
f 107/107 122/122 123/123
f 107/107 123/123 108/108
f 108/108 123/123 124/124
f 108/108 124/124 109/109
f 109/109 124/124 125/125
f 109/109 125/125 110/110
f 110/110 125/125 126/126
f 110/110 126/126 111/111
f 111/111 126/126 127/127
f 111/111 127/127 112/112
f 112/112 127/127 128/128
f 112/112 128/128 97/97
f 97/97 128/128 113/113
f 113/113 129/129 114/114
f 114/114 129/129 130/130
f 114/114 130/130 115/115
f 115/115 130/130 131/131
f 115/115 131/131 116/116
f 116/116 131/131 132/132
f 116/116 132/132 117/117
f 117/117 132/132 133/133
f 117/117 133/133 118/118
f 118/118 133/133 134/134
f 118/118 134/134 119/119
f 119/119 134/134 135/135
f 119/119 135/135 120/120
f 120/120 135/135 136/136
f 120/120 136/136 121/121
f 121/121 136/136 137/137
f 121/121 137/137 122/122
f 122/122 137/137 138/138
f 122/122 138/138 123/123
f 123/123 138/138 139/139
f 123/123 139/139 124/124
f 124/124 139/139 140/140
f 124/124 140/140 125/125
f 125/125 140/140 141/141
f 125/125 141/141 126/126
f 126/126 141/141 142/142
f 126/126 142/142 127/127
f 127/127 142/142 143/143
f 127/127 143/143 128/128
f 128/128 143/143 144/144
f 128/128 144/144 113/113
f 113/113 144/144 129/129
f 129/129 145/145 130/130
f 130/130 145/145 146/146
f 130/130 146/146 131/131
f 131/131 146/146 147/147
f 131/131 147/147 132/132
f 132/132 147/147 148/148
f 132/132 148/148 133/133
f 133/133 148/148 149/149
f 133/133 149/149 134/134
f 134/134 149/149 150/150
f 134/134 150/150 135/135
f 135/135 150/150 151/151
f 135/135 151/151 136/136
f 136/136 151/151 152/152
f 136/136 152/152 137/137
f 137/137 152/152 153/153
f 137/137 153/153 138/138
f 138/138 153/153 154/154
f 138/138 154/154 139/139
f 139/139 154/154 155/155
f 139/139 155/155 140/140
f 140/140 155/155 156/156
f 140/140 156/156 141/141
f 141/141 156/156 157/157
f 141/141 157/157 142/142
f 142/142 157/157 158/158
f 142/142 158/158 143/143
f 143/143 158/158 159/159
f 143/143 159/159 144/144
f 144/144 159/159 160/160
f 144/144 160/160 129/129
f 129/129 160/160 145/145
f 145/145 161/161 146/146
f 146/146 161/161 162/162
f 146/146 162/162 147/147
f 147/147 162/162 163/163
f 147/147 163/163 148/148
f 148/148 163/163 164/164
f 148/148 164/164 149/149
f 149/149 164/164 165/165
f 149/149 165/165 150/150
f 150/150 165/165 166/166
f 150/150 166/166 151/151
f 151/151 166/166 167/167
f 151/151 167/167 152/152
f 152/152 167/167 168/168
f 152/152 168/168 153/153
f 153/153 168/168 169/169
f 153/153 169/169 154/154
f 154/154 169/169 170/170
f 154/154 170/170 155/155
f 155/155 170/170 171/171
f 155/155 171/171 156/156
f 156/156 171/171 172/172
f 156/156 172/172 157/157
f 157/157 172/172 173/173
f 157/157 173/173 158/158
f 158/158 173/173 174/174
f 158/158 174/174 159/159
f 159/159 174/174 175/175
f 159/159 175/175 160/160
f 160/160 175/175 176/176
f 160/160 176/176 145/145
f 145/145 176/176 161/161
f 161/161 177/177 162/162
f 162/162 177/177 178/178
f 162/162 178/178 163/163
f 163/163 178/178 179/179
f 163/163 179/179 164/164
f 164/164 179/179 180/180
f 164/164 180/180 165/165
f 165/165 180/180 181/181
f 165/165 181/181 166/166
f 166/166 181/181 182/182
f 166/166 182/182 167/167
f 167/167 182/182 183/183
f 167/167 183/183 168/168
f 168/168 183/183 184/184
f 168/168 184/184 169/169
f 169/169 184/184 185/185
f 169/169 185/185 170/170
f 170/170 185/185 186/186
f 170/170 186/186 171/171
f 171/171 186/186 187/187
f 171/171 187/187 172/172
f 172/172 187/187 188/188
f 172/172 188/188 173/173
f 173/173 188/188 189/189
f 173/173 189/189 174/174
f 174/174 189/189 190/190
f 174/174 190/190 175/175
f 175/175 190/190 191/191
f 175/175 191/191 176/176
f 176/176 191/191 192/192
f 176/176 192/192 161/161
f 161/161 192/192 177/177
f 177/177 193/193 178/178
f 178/178 193/193 194/194
f 178/178 194/194 179/179
f 179/179 194/194 195/195
f 179/179 195/195 180/180
f 180/180 195/195 196/196
f 180/180 196/196 181/181
f 181/181 196/196 197/197
f 181/181 197/197 182/182
f 182/182 197/197 198/198
f 182/182 198/198 183/183
f 183/183 198/198 199/199
f 183/183 199/199 184/184
f 184/184 199/199 200/200
f 184/184 200/200 185/185
f 185/185 200/200 201/201
f 185/185 201/201 186/186
f 186/186 201/201 202/202
f 186/186 202/202 187/187
f 187/187 202/202 203/203
f 187/187 203/203 188/188
f 188/188 203/203 204/204
f 188/188 204/204 189/189
f 189/189 204/204 205/205
f 189/189 205/205 190/190
f 190/190 205/205 206/206
f 190/190 206/206 191/191
f 191/191 206/206 207/207
f 191/191 207/207 192/192
f 192/192 207/207 208/208
f 192/192 208/208 177/177
f 177/177 208/208 193/193
f 193/193 209/209 194/194
f 194/194 209/209 210/210
f 194/194 210/210 195/195
f 195/195 210/210 211/211
f 195/195 211/211 196/196
f 196/196 211/211 212/212
f 196/196 212/212 197/197
f 197/197 212/212 213/213
f 197/197 213/213 198/198
f 198/198 213/213 214/214
f 198/198 214/214 199/199
f 199/199 214/214 215/215
f 199/199 215/215 200/200
f 200/200 215/215 216/216
f 200/200 216/216 201/201
f 201/201 216/216 217/217
f 201/201 217/217 202/202
f 202/202 217/217 218/218
f 202/202 218/218 203/203
f 203/203 218/218 219/219
f 203/203 219/219 204/204
f 204/204 219/219 220/220
f 204/204 220/220 205/205
f 205/205 220/220 221/221
f 205/205 221/221 206/206
f 206/206 221/221 222/222
f 206/206 222/222 207/207
f 207/207 222/222 223/223
f 207/207 223/223 208/208
f 208/208 223/223 224/224
f 208/208 224/224 193/193
f 193/193 224/224 209/209
f 209/209 225/225 210/210
f 210/210 225/225 226/226
f 210/210 226/226 211/211
f 211/211 226/226 227/227
f 211/211 227/227 212/212
f 212/212 227/227 228/228
f 212/212 228/228 213/213
f 213/213 228/228 229/229
f 213/213 229/229 214/214
f 214/214 229/229 230/230
f 214/214 230/230 215/215
f 215/215 230/230 231/231
f 215/215 231/231 216/216
f 216/216 231/231 232/232
f 216/216 232/232 217/217
f 217/217 232/232 233/233
f 217/217 233/233 218/218
f 218/218 233/233 234/234
f 218/218 234/234 219/219
f 219/219 234/234 235/235
f 219/219 235/235 220/220
f 220/220 235/235 236/236
f 220/220 236/236 221/221
f 221/221 236/236 237/237
f 221/221 237/237 222/222
f 222/222 237/237 238/238
f 222/222 238/238 223/223
f 223/223 238/238 239/239
f 223/223 239/239 224/224
f 224/224 239/239 240/240
f 224/224 240/240 209/209
f 209/209 240/240 225/225
f 225/225 241/241 226/226
f 226/226 241/241 242/242
f 226/226 242/242 227/227
f 227/227 242/242 243/243
f 227/227 243/243 228/228
f 228/228 243/243 244/244
f 228/228 244/244 229/229
f 229/229 244/244 245/245
f 229/229 245/245 230/230
f 230/230 245/245 246/246
f 230/230 246/246 231/231
f 231/231 246/246 247/247
f 231/231 247/247 232/232
f 232/232 247/247 248/248
f 232/232 248/248 233/233
f 233/233 248/248 249/249
f 233/233 249/249 234/234
f 234/234 249/249 250/250
f 234/234 250/250 235/235
f 235/235 250/250 251/251
f 235/235 251/251 236/236
f 236/236 251/251 252/252
f 236/236 252/252 237/237
f 237/237 252/252 253/253
f 237/237 253/253 238/238
f 238/238 253/253 254/254
f 238/238 254/254 239/239
f 239/239 254/254 255/255
f 239/239 255/255 240/240
f 240/240 255/255 256/256
f 240/240 256/256 225/225
f 225/225 256/256 241/241
f 241/241 257/257 242/242
f 242/242 257/257 258/258
f 242/242 258/258 243/243
f 243/243 258/258 259/259
f 243/243 259/259 244/244
f 244/244 259/259 260/260
f 244/244 260/260 245/245
f 245/245 260/260 261/261
f 245/245 261/261 246/246
f 246/246 261/261 262/262
f 246/246 262/262 247/247
f 247/247 262/262 263/263
f 247/247 263/263 248/248
f 248/248 263/263 264/264
f 248/248 264/264 249/249
f 249/249 264/264 265/265
f 249/249 265/265 250/250
f 250/250 265/265 266/266
f 250/250 266/266 251/251
f 251/251 266/266 267/267
f 251/251 267/267 252/252
f 252/252 267/267 268/268
f 252/252 268/268 253/253
f 253/253 268/268 269/269
f 253/253 269/269 254/254
f 254/254 269/269 270/270
f 254/254 270/270 255/255
f 255/255 270/270 271/271
f 255/255 271/271 256/256
f 256/256 271/271 272/272
f 256/256 272/272 241/241
f 241/241 272/272 257/257
f 257/257 273/273 258/258
f 258/258 273/273 274/274
f 258/258 274/274 259/259
f 259/259 274/274 275/275
f 259/259 275/275 260/260
f 260/260 275/275 276/276
f 260/260 276/276 261/261
f 261/261 276/276 277/277
f 261/261 277/277 262/262
f 262/262 277/277 278/278
f 262/262 278/278 263/263
f 263/263 278/278 279/279
f 263/263 279/279 264/264
f 264/264 279/279 280/280
f 264/264 280/280 265/265
f 265/265 280/280 281/281
f 265/265 281/281 266/266
f 266/266 281/281 282/282
f 266/266 282/282 267/267
f 267/267 282/282 283/283
f 267/267 283/283 268/268
f 268/268 283/283 284/284
f 268/268 284/284 269/269
f 269/269 284/284 285/285
f 269/269 285/285 270/270
f 270/270 285/285 286/286
f 270/270 286/286 271/271
f 271/271 286/286 287/287
f 271/271 287/287 272/272
f 272/272 287/287 288/288
f 272/272 288/288 257/257
f 257/257 288/288 273/273
f 273/273 289/289 274/274
f 274/274 289/289 290/290
f 274/274 290/290 275/275
f 275/275 290/290 291/291
f 275/275 291/291 276/276
f 276/276 291/291 292/292
f 276/276 292/292 277/277
f 277/277 292/292 293/293
f 277/277 293/293 278/278
f 278/278 293/293 294/294
f 278/278 294/294 279/279
f 279/279 294/294 295/295
f 279/279 295/295 280/280
f 280/280 295/295 296/296
f 280/280 296/296 281/281
f 281/281 296/296 297/297
f 281/281 297/297 282/282
f 282/282 297/297 298/298
f 282/282 298/298 283/283
f 283/283 298/298 299/299
f 283/283 299/299 284/284
f 284/284 299/299 300/300
f 284/284 300/300 285/285
f 285/285 300/300 301/301
f 285/285 301/301 286/286
f 286/286 301/301 302/302
f 286/286 302/302 287/287
f 287/287 302/302 303/303
f 287/287 303/303 288/288
f 288/288 303/303 304/304
f 288/288 304/304 273/273
f 273/273 304/304 289/289
f 289/289 305/305 290/290
f 290/290 305/305 306/306
f 290/290 306/306 291/291
f 291/291 306/306 307/307
f 291/291 307/307 292/292
f 292/292 307/307 308/308
f 292/292 308/308 293/293
f 293/293 308/308 309/309
f 293/293 309/309 294/294
f 294/294 309/309 310/310
f 294/294 310/310 295/295
f 295/295 310/310 311/311
f 295/295 311/311 296/296
f 296/296 311/311 312/312
f 296/296 312/312 297/297
f 297/297 312/312 313/313
f 297/297 313/313 298/298
f 298/298 313/313 314/314
f 298/298 314/314 299/299
f 299/299 314/314 315/315
f 299/299 315/315 300/300
f 300/300 315/315 316/316
f 300/300 316/316 301/301
f 301/301 316/316 317/317
f 301/301 317/317 302/302
f 302/302 317/317 318/318
f 302/302 318/318 303/303
f 303/303 318/318 319/319
f 303/303 319/319 304/304
f 304/304 319/319 320/320
f 304/304 320/320 289/289
f 289/289 320/320 305/305
f 305/305 321/321 306/306
f 306/306 321/321 322/322
f 306/306 322/322 307/307
f 307/307 322/322 323/323
f 307/307 323/323 308/308
f 308/308 323/323 324/324
f 308/308 324/324 309/309
f 309/309 324/324 325/325
f 309/309 325/325 310/310
f 310/310 325/325 326/326
f 310/310 326/326 311/311
f 311/311 326/326 327/327
f 311/311 327/327 312/312
f 312/312 327/327 328/328
f 312/312 328/328 313/313
f 313/313 328/328 329/329
f 313/313 329/329 314/314
f 314/314 329/329 330/330
f 314/314 330/330 315/315
f 315/315 330/330 331/331
f 315/315 331/331 316/316
f 316/316 331/331 332/332
f 316/316 332/332 317/317
f 317/317 332/332 333/333
f 317/317 333/333 318/318
f 318/318 333/333 334/334
f 318/318 334/334 319/319
f 319/319 334/334 335/335
f 319/319 335/335 320/320
f 320/320 335/335 336/336
f 320/320 336/336 305/305
f 305/305 336/336 321/321
f 321/321 337/337 322/322
f 322/322 337/337 338/338
f 322/322 338/338 323/323
f 323/323 338/338 339/339
f 323/323 339/339 324/324
f 324/324 339/339 340/340
f 324/324 340/340 325/325
f 325/325 340/340 341/341
f 325/325 341/341 326/326
f 326/326 341/341 342/342
f 326/326 342/342 327/327
f 327/327 342/342 343/343
f 327/327 343/343 328/328
f 328/328 343/343 344/344
f 328/328 344/344 329/329
f 329/329 344/344 345/345
f 329/329 345/345 330/330
f 330/330 345/345 346/346
f 330/330 346/346 331/331
f 331/331 346/346 347/347
f 331/331 347/347 332/332
f 332/332 347/347 348/348
f 332/332 348/348 333/333
f 333/333 348/348 349/349
f 333/333 349/349 334/334
f 334/334 349/349 350/350
f 334/334 350/350 335/335
f 335/335 350/350 351/351
f 335/335 351/351 336/336
f 336/336 351/351 352/352
f 336/336 352/352 321/321
f 321/321 352/352 337/337
f 337/337 353/353 338/338
f 338/338 353/353 354/354
f 338/338 354/354 339/339
f 339/339 354/354 355/355
f 339/339 355/355 340/340
f 340/340 355/355 356/356
f 340/340 356/356 341/341
f 341/341 356/356 357/357
f 341/341 357/357 342/342
f 342/342 357/357 358/358
f 342/342 358/358 343/343
f 343/343 358/358 359/359
f 343/343 359/359 344/344
f 344/344 359/359 360/360
f 344/344 360/360 345/345
f 345/345 360/360 361/361
f 345/345 361/361 346/346
f 346/346 361/361 362/362
f 346/346 362/362 347/347
f 347/347 362/362 363/363
f 347/347 363/363 348/348
f 348/348 363/363 364/364
f 348/348 364/364 349/349
f 349/349 364/364 365/365
f 349/349 365/365 350/350
f 350/350 365/365 366/366
f 350/350 366/366 351/351
f 351/351 366/366 367/367
f 351/351 367/367 352/352
f 352/352 367/367 368/368
f 352/352 368/368 337/337
f 337/337 368/368 353/353
f 353/353 369/369 354/354
f 354/354 369/369 370/370
f 354/354 370/370 355/355
f 355/355 370/370 371/371
f 355/355 371/371 356/356
f 356/356 371/371 372/372
f 356/356 372/372 357/357
f 357/357 372/372 373/373
f 357/357 373/373 358/358
f 358/358 373/373 374/374
f 358/358 374/374 359/359
f 359/359 374/374 375/375
f 359/359 375/375 360/360
f 360/360 375/375 376/376
f 360/360 376/376 361/361
f 361/361 376/376 377/377
f 361/361 377/377 362/362
f 362/362 377/377 378/378
f 362/362 378/378 363/363
f 363/363 378/378 379/379
f 363/363 379/379 364/364
f 364/364 379/379 380/380
f 364/364 380/380 365/365
f 365/365 380/380 381/381
f 365/365 381/381 366/366
f 366/366 381/381 382/382
f 366/366 382/382 367/367
f 367/367 382/382 383/383
f 367/367 383/383 368/368
f 368/368 383/383 384/384
f 368/368 384/384 353/353
f 353/353 384/384 369/369
f 369/369 385/385 370/370
f 370/370 385/385 386/386
f 370/370 386/386 371/371
f 371/371 386/386 387/387
f 371/371 387/387 372/372
f 372/372 387/387 388/388
f 372/372 388/388 373/373
f 373/373 388/388 389/389
f 373/373 389/389 374/374
f 374/374 389/389 390/390
f 374/374 390/390 375/375
f 375/375 390/390 391/391
f 375/375 391/391 376/376
f 376/376 391/391 392/392
f 376/376 392/392 377/377
f 377/377 392/392 393/393
f 377/377 393/393 378/378
f 378/378 393/393 394/394
f 378/378 394/394 379/379
f 379/379 394/394 395/395
f 379/379 395/395 380/380
f 380/380 395/395 396/396
f 380/380 396/396 381/381
f 381/381 396/396 397/397
f 381/381 397/397 382/382
f 382/382 397/397 398/398
f 382/382 398/398 383/383
f 383/383 398/398 399/399
f 383/383 399/399 384/384
f 384/384 399/399 400/400
f 384/384 400/400 369/369
f 369/369 400/400 385/385
f 385/385 401/401 386/386
f 386/386 401/401 402/402
f 386/386 402/402 387/387
f 387/387 402/402 403/403
f 387/387 403/403 388/388
f 388/388 403/403 404/404
f 388/388 404/404 389/389
f 389/389 404/404 405/405
f 389/389 405/405 390/390
f 390/390 405/405 406/406
f 390/390 406/406 391/391
f 391/391 406/406 407/407
f 391/391 407/407 392/392
f 392/392 407/407 408/408
f 392/392 408/408 393/393
f 393/393 408/408 409/409
f 393/393 409/409 394/394
f 394/394 409/409 410/410
f 394/394 410/410 395/395
f 395/395 410/410 411/411
f 395/395 411/411 396/396
f 396/396 411/411 412/412
f 396/396 412/412 397/397
f 397/397 412/412 413/413
f 397/397 413/413 398/398
f 398/398 413/413 414/414
f 398/398 414/414 399/399
f 399/399 414/414 415/415
f 399/399 415/415 400/400
f 400/400 415/415 416/416
f 400/400 416/416 385/385
f 385/385 416/416 401/401
f 401/401 417/417 402/402
f 402/402 417/417 418/418
f 402/402 418/418 403/403
f 403/403 418/418 419/419
f 403/403 419/419 404/404
f 404/404 419/419 420/420
f 404/404 420/420 405/405
f 405/405 420/420 421/421
f 405/405 421/421 406/406
f 406/406 421/421 422/422
f 406/406 422/422 407/407
f 407/407 422/422 423/423
f 407/407 423/423 408/408
f 408/408 423/423 424/424
f 408/408 424/424 409/409
f 409/409 424/424 425/425
f 409/409 425/425 410/410
f 410/410 425/425 426/426
f 410/410 426/426 411/411
f 411/411 426/426 427/427
f 411/411 427/427 412/412
f 412/412 427/427 428/428
f 412/412 428/428 413/413
f 413/413 428/428 429/429
f 413/413 429/429 414/414
f 414/414 429/429 430/430
f 414/414 430/430 415/415
f 415/415 430/430 431/431
f 415/415 431/431 416/416
f 416/416 431/431 432/432
f 416/416 432/432 401/401
f 401/401 432/432 417/417
f 417/417 433/433 418/418
f 418/418 433/433 434/434
f 418/418 434/434 419/419
f 419/419 434/434 435/435
f 419/419 435/435 420/420
f 420/420 435/435 436/436
f 420/420 436/436 421/421
f 421/421 436/436 437/437
f 421/421 437/437 422/422
f 422/422 437/437 438/438
f 422/422 438/438 423/423
f 423/423 438/438 439/439
f 423/423 439/439 424/424
f 424/424 439/439 440/440
f 424/424 440/440 425/425
f 425/425 440/440 441/441
f 425/425 441/441 426/426
f 426/426 441/441 442/442
f 426/426 442/442 427/427
f 427/427 442/442 443/443
f 427/427 443/443 428/428
f 428/428 443/443 444/444
f 428/428 444/444 429/429
f 429/429 444/444 445/445
f 429/429 445/445 430/430
f 430/430 445/445 446/446
f 430/430 446/446 431/431
f 431/431 446/446 447/447
f 431/431 447/447 432/432
f 432/432 447/447 448/448
f 432/432 448/448 417/417
f 417/417 448/448 433/433
f 433/433 449/449 434/434
f 434/434 449/449 450/450
f 434/434 450/450 435/435
f 435/435 450/450 451/451
f 435/435 451/451 436/436
f 436/436 451/451 452/452
f 436/436 452/452 437/437
f 437/437 452/452 453/453
f 437/437 453/453 438/438
f 438/438 453/453 454/454
f 438/438 454/454 439/439
f 439/439 454/454 455/455
f 439/439 455/455 440/440
f 440/440 455/455 456/456
f 440/440 456/456 441/441
f 441/441 456/456 457/457
f 441/441 457/457 442/442
f 442/442 457/457 458/458
f 442/442 458/458 443/443
f 443/443 458/458 459/459
f 443/443 459/459 444/444
f 444/444 459/459 460/460
f 444/444 460/460 445/445
f 445/445 460/460 461/461
f 445/445 461/461 446/446
f 446/446 461/461 462/462
f 446/446 462/462 447/447
f 447/447 462/462 463/463
f 447/447 463/463 448/448
f 448/448 463/463 464/464
f 448/448 464/464 433/433
f 433/433 464/464 449/449
f 449/449 465/465 450/450
f 450/450 465/465 466/466
f 450/450 466/466 451/451
f 451/451 466/466 467/467
f 451/451 467/467 452/452
f 452/452 467/467 468/468
f 452/452 468/468 453/453
f 453/453 468/468 469/469
f 453/453 469/469 454/454
f 454/454 469/469 470/470
f 454/454 470/470 455/455
f 455/455 470/470 471/471
f 455/455 471/471 456/456
f 456/456 471/471 472/472
f 456/456 472/472 457/457
f 457/457 472/472 473/473
f 457/457 473/473 458/458
f 458/458 473/473 474/474
f 458/458 474/474 459/459
f 459/459 474/474 475/475
f 459/459 475/475 460/460
f 460/460 475/475 476/476
f 460/460 476/476 461/461
f 461/461 476/476 477/477
f 461/461 477/477 462/462
f 462/462 477/477 478/478
f 462/462 478/478 463/463
f 463/463 478/478 479/479
f 463/463 479/479 464/464
f 464/464 479/479 480/480
f 464/464 480/480 449/449
f 449/449 480/480 465/465
f 465/465 481/481 466/466
f 466/466 481/481 482/482
f 466/466 482/482 467/467
f 467/467 482/482 483/483
f 467/467 483/483 468/468
f 468/468 483/483 484/484
f 468/468 484/484 469/469
f 469/469 484/484 485/485
f 469/469 485/485 470/470
f 470/470 485/485 486/486
f 470/470 486/486 471/471
f 471/471 486/486 487/487
f 471/471 487/487 472/472
f 472/472 487/487 488/488
f 472/472 488/488 473/473
f 473/473 488/488 489/489
f 473/473 489/489 474/474
f 474/474 489/489 490/490
f 474/474 490/490 475/475
f 475/475 490/490 491/491
f 475/475 491/491 476/476
f 476/476 491/491 492/492
f 476/476 492/492 477/477
f 477/477 492/492 493/493
f 477/477 493/493 478/478
f 478/478 493/493 494/494
f 478/478 494/494 479/479
f 479/479 494/494 495/495
f 479/479 495/495 480/480
f 480/480 495/495 496/496
f 480/480 496/496 465/465
f 465/465 496/496 481/481
f 481/481 497/497 482/482
f 482/482 497/497 498/498
f 482/482 498/498 483/483
f 483/483 498/498 499/499
f 483/483 499/499 484/484
f 484/484 499/499 500/500
f 484/484 500/500 485/485
f 485/485 500/500 501/501
f 485/485 501/501 486/486
f 486/486 501/501 502/502
f 486/486 502/502 487/487
f 487/487 502/502 503/503
f 487/487 503/503 488/488
f 488/488 503/503 504/504
f 488/488 504/504 489/489
f 489/489 504/504 505/505
f 489/489 505/505 490/490
f 490/490 505/505 506/506
f 490/490 506/506 491/491
f 491/491 506/506 507/507
f 491/491 507/507 492/492
f 492/492 507/507 508/508
f 492/492 508/508 493/493
f 493/493 508/508 509/509
f 493/493 509/509 494/494
f 494/494 509/509 510/510
f 494/494 510/510 495/495
f 495/495 510/510 511/511
f 495/495 511/511 496/496
f 496/496 511/511 512/512
f 496/496 512/512 481/481
f 481/481 512/512 497/497
f 497/497 513/513 498/498
f 498/498 513/513 514/514
f 498/498 514/514 499/499
f 499/499 514/514 515/515
f 499/499 515/515 500/500
f 500/500 515/515 516/516
f 500/500 516/516 501/501
f 501/501 516/516 517/517
f 501/501 517/517 502/502
f 502/502 517/517 518/518
f 502/502 518/518 503/503
f 503/503 518/518 519/519
f 503/503 519/519 504/504
f 504/504 519/519 520/520
f 504/504 520/520 505/505
f 505/505 520/520 521/521
f 505/505 521/521 506/506
f 506/506 521/521 522/522
f 506/506 522/522 507/507
f 507/507 522/522 523/523
f 507/507 523/523 508/508
f 508/508 523/523 524/524
f 508/508 524/524 509/509
f 509/509 524/524 525/525
f 509/509 525/525 510/510
f 510/510 525/525 526/526
f 510/510 526/526 511/511
f 511/511 526/526 527/527
f 511/511 527/527 512/512
f 512/512 527/527 528/528
f 512/512 528/528 497/497
f 497/497 528/528 513/513
f 513/513 529/529 514/514
f 514/514 529/529 530/530
f 514/514 530/530 515/515
f 515/515 530/530 531/531
f 515/515 531/531 516/516
f 516/516 531/531 532/532
f 516/516 532/532 517/517
f 517/517 532/532 533/533
f 517/517 533/533 518/518
f 518/518 533/533 534/534
f 518/518 534/534 519/519
f 519/519 534/534 535/535
f 519/519 535/535 520/520
f 520/520 535/535 536/536
f 520/520 536/536 521/521
f 521/521 536/536 537/537
f 521/521 537/537 522/522
f 522/522 537/537 538/538
f 522/522 538/538 523/523
f 523/523 538/538 539/539
f 523/523 539/539 524/524
f 524/524 539/539 540/540
f 524/524 540/540 525/525
f 525/525 540/540 541/541
f 525/525 541/541 526/526
f 526/526 541/541 542/542
f 526/526 542/542 527/527
f 527/527 542/542 543/543
f 527/527 543/543 528/528
f 528/528 543/543 544/544
f 528/528 544/544 513/513
f 513/513 544/544 529/529
f 529/529 545/545 530/530
f 530/530 545/545 546/546
f 530/530 546/546 531/531
f 531/531 546/546 547/547
f 531/531 547/547 532/532
f 532/532 547/547 548/548
f 532/532 548/548 533/533
f 533/533 548/548 549/549
f 533/533 549/549 534/534
f 534/534 549/549 550/550
f 534/534 550/550 535/535
f 535/535 550/550 551/551
f 535/535 551/551 536/536
f 536/536 551/551 552/552
f 536/536 552/552 537/537
f 537/537 552/552 553/553
f 537/537 553/553 538/538
f 538/538 553/553 554/554
f 538/538 554/554 539/539
f 539/539 554/554 555/555
f 539/539 555/555 540/540
f 540/540 555/555 556/556
f 540/540 556/556 541/541
f 541/541 556/556 557/557
f 541/541 557/557 542/542
f 542/542 557/557 558/558
f 542/542 558/558 543/543
f 543/543 558/558 559/559
f 543/543 559/559 544/544
f 544/544 559/559 560/560
f 544/544 560/560 529/529
f 529/529 560/560 545/545
f 545/545 561/561 546/546
f 546/546 561/561 562/562
f 546/546 562/562 547/547
f 547/547 562/562 563/563
f 547/547 563/563 548/548
f 548/548 563/563 564/564
f 548/548 564/564 549/549
f 549/549 564/564 565/565
f 549/549 565/565 550/550
f 550/550 565/565 566/566
f 550/550 566/566 551/551
f 551/551 566/566 567/567
f 551/551 567/567 552/552
f 552/552 567/567 568/568
f 552/552 568/568 553/553
f 553/553 568/568 569/569
f 553/553 569/569 554/554
f 554/554 569/569 570/570
f 554/554 570/570 555/555
f 555/555 570/570 571/571
f 555/555 571/571 556/556
f 556/556 571/571 572/572
f 556/556 572/572 557/557
f 557/557 572/572 573/573
f 557/557 573/573 558/558
f 558/558 573/573 574/574
f 558/558 574/574 559/559
f 559/559 574/574 575/575
f 559/559 575/575 560/560
f 560/560 575/575 576/576
f 560/560 576/576 545/545
f 545/545 576/576 561/561
f 561/561 577/577 562/562
f 562/562 577/577 578/578
f 562/562 578/578 563/563
f 563/563 578/578 579/579
f 563/563 579/579 564/564
f 564/564 579/579 580/580
f 564/564 580/580 565/565
f 565/565 580/580 581/581
f 565/565 581/581 566/566
f 566/566 581/581 582/582
f 566/566 582/582 567/567
f 567/567 582/582 583/583
f 567/567 583/583 568/568
f 568/568 583/583 584/584
f 568/568 584/584 569/569
f 569/569 584/584 585/585
f 569/569 585/585 570/570
f 570/570 585/585 586/586
f 570/570 586/586 571/571
f 571/571 586/586 587/587
f 571/571 587/587 572/572
f 572/572 587/587 588/588
f 572/572 588/588 573/573
f 573/573 588/588 589/589
f 573/573 589/589 574/574
f 574/574 589/589 590/590
f 574/574 590/590 575/575
f 575/575 590/590 591/591
f 575/575 591/591 576/576
f 576/576 591/591 592/592
f 576/576 592/592 561/561
f 561/561 592/592 577/577
f 577/577 593/593 578/578
f 578/578 593/593 594/594
f 578/578 594/594 579/579
f 579/579 594/594 595/595
f 579/579 595/595 580/580
f 580/580 595/595 596/596
f 580/580 596/596 581/581
f 581/581 596/596 597/597
f 581/581 597/597 582/582
f 582/582 597/597 598/598
f 582/582 598/598 583/583
f 583/583 598/598 599/599
f 583/583 599/599 584/584
f 584/584 599/599 600/600
f 584/584 600/600 585/585
f 585/585 600/600 601/601
f 585/585 601/601 586/586
f 586/586 601/601 602/602
f 586/586 602/602 587/587
f 587/587 602/602 603/603
f 587/587 603/603 588/588
f 588/588 603/603 604/604
f 588/588 604/604 589/589
f 589/589 604/604 605/605
f 589/589 605/605 590/590
f 590/590 605/605 606/606
f 590/590 606/606 591/591
f 591/591 606/606 607/607
f 591/591 607/607 592/592
f 592/592 607/607 608/608
f 592/592 608/608 577/577
f 577/577 608/608 593/593
f 593/593 609/609 594/594
f 594/594 609/609 610/610
f 594/594 610/610 595/595
f 595/595 610/610 611/611
f 595/595 611/611 596/596
f 596/596 611/611 612/612
f 596/596 612/612 597/597
f 597/597 612/612 613/613
f 597/597 613/613 598/598
f 598/598 613/613 614/614
f 598/598 614/614 599/599
f 599/599 614/614 615/615
f 599/599 615/615 600/600
f 600/600 615/615 616/616
f 600/600 616/616 601/601
f 601/601 616/616 617/617
f 601/601 617/617 602/602
f 602/602 617/617 618/618
f 602/602 618/618 603/603
f 603/603 618/618 619/619
f 603/603 619/619 604/604
f 604/604 619/619 620/620
f 604/604 620/620 605/605
f 605/605 620/620 621/621
f 605/605 621/621 606/606
f 606/606 621/621 622/622
f 606/606 622/622 607/607
f 607/607 622/622 623/623
f 607/607 623/623 608/608
f 608/608 623/623 624/624
f 608/608 624/624 593/593
f 593/593 624/624 609/609
f 609/609 625/625 610/610
f 610/610 625/625 626/626
f 610/610 626/626 611/611
f 611/611 626/626 627/627
f 611/611 627/627 612/612
f 612/612 627/627 628/628
f 612/612 628/628 613/613
f 613/613 628/628 629/629
f 613/613 629/629 614/614
f 614/614 629/629 630/630
f 614/614 630/630 615/615
f 615/615 630/630 631/631
f 615/615 631/631 616/616
f 616/616 631/631 632/632
f 616/616 632/632 617/617
f 617/617 632/632 633/633
f 617/617 633/633 618/618
f 618/618 633/633 634/634
f 618/618 634/634 619/619
f 619/619 634/634 635/635
f 619/619 635/635 620/620
f 620/620 635/635 636/636
f 620/620 636/636 621/621
f 621/621 636/636 637/637
f 621/621 637/637 622/622
f 622/622 637/637 638/638
f 622/622 638/638 623/623
f 623/623 638/638 639/639
f 623/623 639/639 624/624
f 624/624 639/639 640/640
f 624/624 640/640 609/609
f 609/609 640/640 625/625
f 625/625 641/641 626/626
f 626/626 641/641 642/642
f 626/626 642/642 627/627
f 627/627 642/642 643/643
f 627/627 643/643 628/628
f 628/628 643/643 644/644
f 628/628 644/644 629/629
f 629/629 644/644 645/645
f 629/629 645/645 630/630
f 630/630 645/645 646/646
f 630/630 646/646 631/631
f 631/631 646/646 647/647
f 631/631 647/647 632/632
f 632/632 647/647 648/648
f 632/632 648/648 633/633
f 633/633 648/648 649/649
f 633/633 649/649 634/634
f 634/634 649/649 650/650
f 634/634 650/650 635/635
f 635/635 650/650 651/651
f 635/635 651/651 636/636
f 636/636 651/651 652/652
f 636/636 652/652 637/637
f 637/637 652/652 653/653
f 637/637 653/653 638/638
f 638/638 653/653 654/654
f 638/638 654/654 639/639
f 639/639 654/654 655/655
f 639/639 655/655 640/640
f 640/640 655/655 656/656
f 640/640 656/656 625/625
f 625/625 656/656 641/641
f 641/641 657/657 642/642
f 642/642 657/657 658/658
f 642/642 658/658 643/643
f 643/643 658/658 659/659
f 643/643 659/659 644/644
f 644/644 659/659 660/660
f 644/644 660/660 645/645
f 645/645 660/660 661/661
f 645/645 661/661 646/646
f 646/646 661/661 662/662
f 646/646 662/662 647/647
f 647/647 662/662 663/663
f 647/647 663/663 648/648
f 648/648 663/663 664/664
f 648/648 664/664 649/649
f 649/649 664/664 665/665
f 649/649 665/665 650/650
f 650/650 665/665 666/666
f 650/650 666/666 651/651
f 651/651 666/666 667/667
f 651/651 667/667 652/652
f 652/652 667/667 668/668
f 652/652 668/668 653/653
f 653/653 668/668 669/669
f 653/653 669/669 654/654
f 654/654 669/669 670/670
f 654/654 670/670 655/655
f 655/655 670/670 671/671
f 655/655 671/671 656/656
f 656/656 671/671 672/672
f 656/656 672/672 641/641
f 641/641 672/672 657/657
f 657/657 673/673 658/658
f 658/658 673/673 674/674
f 658/658 674/674 659/659
f 659/659 674/674 675/675
f 659/659 675/675 660/660
f 660/660 675/675 676/676
f 660/660 676/676 661/661
f 661/661 676/676 677/677
f 661/661 677/677 662/662
f 662/662 677/677 678/678
f 662/662 678/678 663/663
f 663/663 678/678 679/679
f 663/663 679/679 664/664
f 664/664 679/679 680/680
f 664/664 680/680 665/665
f 665/665 680/680 681/681
f 665/665 681/681 666/666
f 666/666 681/681 682/682
f 666/666 682/682 667/667
f 667/667 682/682 683/683
f 667/667 683/683 668/668
f 668/668 683/683 684/684
f 668/668 684/684 669/669
f 669/669 684/684 685/685
f 669/669 685/685 670/670
f 670/670 685/685 686/686
f 670/670 686/686 671/671
f 671/671 686/686 687/687
f 671/671 687/687 672/672
f 672/672 687/687 688/688
f 672/672 688/688 657/657
f 657/657 688/688 673/673
f 673/673 689/689 674/674
f 674/674 689/689 690/690
f 674/674 690/690 675/675
f 675/675 690/690 691/691
f 675/675 691/691 676/676
f 676/676 691/691 692/692
f 676/676 692/692 677/677
f 677/677 692/692 693/693
f 677/677 693/693 678/678
f 678/678 693/693 694/694
f 678/678 694/694 679/679
f 679/679 694/694 695/695
f 679/679 695/695 680/680
f 680/680 695/695 696/696
f 680/680 696/696 681/681
f 681/681 696/696 697/697
f 681/681 697/697 682/682
f 682/682 697/697 698/698
f 682/682 698/698 683/683
f 683/683 698/698 699/699
f 683/683 699/699 684/684
f 684/684 699/699 700/700
f 684/684 700/700 685/685
f 685/685 700/700 701/701
f 685/685 701/701 686/686
f 686/686 701/701 702/702
f 686/686 702/702 687/687
f 687/687 702/702 703/703
f 687/687 703/703 688/688
f 688/688 703/703 704/704
f 688/688 704/704 673/673
f 673/673 704/704 689/689
f 689/689 705/705 690/690
f 690/690 705/705 706/706
f 690/690 706/706 691/691
f 691/691 706/706 707/707
f 691/691 707/707 692/692
f 692/692 707/707 708/708
f 692/692 708/708 693/693
f 693/693 708/708 709/709
f 693/693 709/709 694/694
f 694/694 709/709 710/710
f 694/694 710/710 695/695
f 695/695 710/710 711/711
f 695/695 711/711 696/696
f 696/696 711/711 712/712
f 696/696 712/712 697/697
f 697/697 712/712 713/713
f 697/697 713/713 698/698
f 698/698 713/713 714/714
f 698/698 714/714 699/699
f 699/699 714/714 715/715
f 699/699 715/715 700/700
f 700/700 715/715 716/716
f 700/700 716/716 701/701
f 701/701 716/716 717/717
f 701/701 717/717 702/702
f 702/702 717/717 718/718
f 702/702 718/718 703/703
f 703/703 718/718 719/719
f 703/703 719/719 704/704
f 704/704 719/719 720/720
f 704/704 720/720 689/689
f 689/689 720/720 705/705
f 705/705 721/721 706/706
f 706/706 721/721 722/722
f 706/706 722/722 707/707
f 707/707 722/722 723/723
f 707/707 723/723 708/708
f 708/708 723/723 724/724
f 708/708 724/724 709/709
f 709/709 724/724 725/725
f 709/709 725/725 710/710
f 710/710 725/725 726/726
f 710/710 726/726 711/711
f 711/711 726/726 727/727
f 711/711 727/727 712/712
f 712/712 727/727 728/728
f 712/712 728/728 713/713
f 713/713 728/728 729/729
f 713/713 729/729 714/714
f 714/714 729/729 730/730
f 714/714 730/730 715/715
f 715/715 730/730 731/731
f 715/715 731/731 716/716
f 716/716 731/731 732/732
f 716/716 732/732 717/717
f 717/717 732/732 733/733
f 717/717 733/733 718/718
f 718/718 733/733 734/734
f 718/718 734/734 719/719
f 719/719 734/734 735/735
f 719/719 735/735 720/720
f 720/720 735/735 736/736
f 720/720 736/736 705/705
f 705/705 736/736 721/721
f 721/721 737/737 722/722
f 722/722 737/737 738/738
f 722/722 738/738 723/723
f 723/723 738/738 739/739
f 723/723 739/739 724/724
f 724/724 739/739 740/740
f 724/724 740/740 725/725
f 725/725 740/740 741/741
f 725/725 741/741 726/726
f 726/726 741/741 742/742
f 726/726 742/742 727/727
f 727/727 742/742 743/743
f 727/727 743/743 728/728
f 728/728 743/743 744/744
f 728/728 744/744 729/729
f 729/729 744/744 745/745
f 729/729 745/745 730/730
f 730/730 745/745 746/746
f 730/730 746/746 731/731
f 731/731 746/746 747/747
f 731/731 747/747 732/732
f 732/732 747/747 748/748
f 732/732 748/748 733/733
f 733/733 748/748 749/749
f 733/733 749/749 734/734
f 734/734 749/749 750/750
f 734/734 750/750 735/735
f 735/735 750/750 751/751
f 735/735 751/751 736/736
f 736/736 751/751 752/752
f 736/736 752/752 721/721
f 721/721 752/752 737/737
f 737/737 753/753 738/738
f 738/738 753/753 754/754
f 738/738 754/754 739/739
f 739/739 754/754 755/755
f 739/739 755/755 740/740
f 740/740 755/755 756/756
f 740/740 756/756 741/741
f 741/741 756/756 757/757
f 741/741 757/757 742/742
f 742/742 757/757 758/758
f 742/742 758/758 743/743
f 743/743 758/758 759/759
f 743/743 759/759 744/744
f 744/744 759/759 760/760
f 744/744 760/760 745/745
f 745/745 760/760 761/761
f 745/745 761/761 746/746
f 746/746 761/761 762/762
f 746/746 762/762 747/747
f 747/747 762/762 763/763
f 747/747 763/763 748/748
f 748/748 763/763 764/764
f 748/748 764/764 749/749
f 749/749 764/764 765/765
f 749/749 765/765 750/750
f 750/750 765/765 766/766
f 750/750 766/766 751/751
f 751/751 766/766 767/767
f 751/751 767/767 752/752
f 752/752 767/767 768/768
f 752/752 768/768 737/737
f 737/737 768/768 753/753
f 753/753 769/769 754/754
f 754/754 769/769 770/770
f 754/754 770/770 755/755
f 755/755 770/770 771/771
f 755/755 771/771 756/756
f 756/756 771/771 772/772
f 756/756 772/772 757/757
f 757/757 772/772 773/773
f 757/757 773/773 758/758
f 758/758 773/773 774/774
f 758/758 774/774 759/759
f 759/759 774/774 775/775
f 759/759 775/775 760/760
f 760/760 775/775 776/776
f 760/760 776/776 761/761
f 761/761 776/776 777/777
f 761/761 777/777 762/762
f 762/762 777/777 778/778
f 762/762 778/778 763/763
f 763/763 778/778 779/779
f 763/763 779/779 764/764
f 764/764 779/779 780/780
f 764/764 780/780 765/765
f 765/765 780/780 781/781
f 765/765 781/781 766/766
f 766/766 781/781 782/782
f 766/766 782/782 767/767
f 767/767 782/782 783/783
f 767/767 783/783 768/768
f 768/768 783/783 784/784
f 768/768 784/784 753/753
f 753/753 784/784 769/769
f 769/769 785/785 770/770
f 770/770 785/785 786/786
f 770/770 786/786 771/771
f 771/771 786/786 787/787
f 771/771 787/787 772/772
f 772/772 787/787 788/788
f 772/772 788/788 773/773
f 773/773 788/788 789/789
f 773/773 789/789 774/774
f 774/774 789/789 790/790
f 774/774 790/790 775/775
f 775/775 790/790 791/791
f 775/775 791/791 776/776
f 776/776 791/791 792/792
f 776/776 792/792 777/777
f 777/777 792/792 793/793
f 777/777 793/793 778/778
f 778/778 793/793 794/794
f 778/778 794/794 779/779
f 779/779 794/794 795/795
f 779/779 795/795 780/780
f 780/780 795/795 796/796
f 780/780 796/796 781/781
f 781/781 796/796 797/797
f 781/781 797/797 782/782
f 782/782 797/797 798/798
f 782/782 798/798 783/783
f 783/783 798/798 799/799
f 783/783 799/799 784/784
f 784/784 799/799 800/800
f 784/784 800/800 769/769
f 769/769 800/800 785/785
f 785/785 801/801 786/786
f 786/786 801/801 802/802
f 786/786 802/802 787/787
f 787/787 802/802 803/803
f 787/787 803/803 788/788
f 788/788 803/803 804/804
f 788/788 804/804 789/789
f 789/789 804/804 805/805
f 789/789 805/805 790/790
f 790/790 805/805 806/806
f 790/790 806/806 791/791
f 791/791 806/806 807/807
f 791/791 807/807 792/792
f 792/792 807/807 808/808
f 792/792 808/808 793/793
f 793/793 808/808 809/809
f 793/793 809/809 794/794
f 794/794 809/809 810/810
f 794/794 810/810 795/795
f 795/795 810/810 811/811
f 795/795 811/811 796/796
f 796/796 811/811 812/812
f 796/796 812/812 797/797
f 797/797 812/812 813/813
f 797/797 813/813 798/798
f 798/798 813/813 814/814
f 798/798 814/814 799/799
f 799/799 814/814 815/815
f 799/799 815/815 800/800
f 800/800 815/815 816/816
f 800/800 816/816 785/785
f 785/785 816/816 801/801
f 801/801 817/817 802/802
f 802/802 817/817 818/818
f 802/802 818/818 803/803
f 803/803 818/818 819/819
f 803/803 819/819 804/804
f 804/804 819/819 820/820
f 804/804 820/820 805/805
f 805/805 820/820 821/821
f 805/805 821/821 806/806
f 806/806 821/821 822/822
f 806/806 822/822 807/807
f 807/807 822/822 823/823
f 807/807 823/823 808/808
f 808/808 823/823 824/824
f 808/808 824/824 809/809
f 809/809 824/824 825/825
f 809/809 825/825 810/810
f 810/810 825/825 826/826
f 810/810 826/826 811/811
f 811/811 826/826 827/827
f 811/811 827/827 812/812
f 812/812 827/827 828/828
f 812/812 828/828 813/813
f 813/813 828/828 829/829
f 813/813 829/829 814/814
f 814/814 829/829 830/830
f 814/814 830/830 815/815
f 815/815 830/830 831/831
f 815/815 831/831 816/816
f 816/816 831/831 832/832
f 816/816 832/832 801/801
f 801/801 832/832 817/817
f 817/817 833/833 818/818
f 818/818 833/833 834/834
f 818/818 834/834 819/819
f 819/819 834/834 835/835
f 819/819 835/835 820/820
f 820/820 835/835 836/836
f 820/820 836/836 821/821
f 821/821 836/836 837/837
f 821/821 837/837 822/822
f 822/822 837/837 838/838
f 822/822 838/838 823/823
f 823/823 838/838 839/839
f 823/823 839/839 824/824
f 824/824 839/839 840/840
f 824/824 840/840 825/825
f 825/825 840/840 841/841
f 825/825 841/841 826/826
f 826/826 841/841 842/842
f 826/826 842/842 827/827
f 827/827 842/842 843/843
f 827/827 843/843 828/828
f 828/828 843/843 844/844
f 828/828 844/844 829/829
f 829/829 844/844 845/845
f 829/829 845/845 830/830
f 830/830 845/845 846/846
f 830/830 846/846 831/831
f 831/831 846/846 847/847
f 831/831 847/847 832/832
f 832/832 847/847 848/848
f 832/832 848/848 817/817
f 817/817 848/848 833/833
f 833/833 849/849 834/834
f 834/834 849/849 850/850
f 834/834 850/850 835/835
f 835/835 850/850 851/851
f 835/835 851/851 836/836
f 836/836 851/851 852/852
f 836/836 852/852 837/837
f 837/837 852/852 853/853
f 837/837 853/853 838/838
f 838/838 853/853 854/854
f 838/838 854/854 839/839
f 839/839 854/854 855/855
f 839/839 855/855 840/840
f 840/840 855/855 856/856
f 840/840 856/856 841/841
f 841/841 856/856 857/857
f 841/841 857/857 842/842
f 842/842 857/857 858/858
f 842/842 858/858 843/843
f 843/843 858/858 859/859
f 843/843 859/859 844/844
f 844/844 859/859 860/860
f 844/844 860/860 845/845
f 845/845 860/860 861/861
f 845/845 861/861 846/846
f 846/846 861/861 862/862
f 846/846 862/862 847/847
f 847/847 862/862 863/863
f 847/847 863/863 848/848
f 848/848 863/863 864/864
f 848/848 864/864 833/833
f 833/833 864/864 849/849
f 849/849 865/865 850/850
f 850/850 865/865 866/866
f 850/850 866/866 851/851
f 851/851 866/866 867/867
f 851/851 867/867 852/852
f 852/852 867/867 868/868
f 852/852 868/868 853/853
f 853/853 868/868 869/869
f 853/853 869/869 854/854
f 854/854 869/869 870/870
f 854/854 870/870 855/855
f 855/855 870/870 871/871
f 855/855 871/871 856/856
f 856/856 871/871 872/872
f 856/856 872/872 857/857
f 857/857 872/872 873/873
f 857/857 873/873 858/858
f 858/858 873/873 874/874
f 858/858 874/874 859/859
f 859/859 874/874 875/875
f 859/859 875/875 860/860
f 860/860 875/875 876/876
f 860/860 876/876 861/861
f 861/861 876/876 877/877
f 861/861 877/877 862/862
f 862/862 877/877 878/878
f 862/862 878/878 863/863
f 863/863 878/878 879/879
f 863/863 879/879 864/864
f 864/864 879/879 880/880
f 864/864 880/880 849/849
f 849/849 880/880 865/865
f 865/865 881/881 866/866
f 866/866 881/881 882/882
f 866/866 882/882 867/867
f 867/867 882/882 883/883
f 867/867 883/883 868/868
f 868/868 883/883 884/884
f 868/868 884/884 869/869
f 869/869 884/884 885/885
f 869/869 885/885 870/870
f 870/870 885/885 886/886
f 870/870 886/886 871/871
f 871/871 886/886 887/887
f 871/871 887/887 872/872
f 872/872 887/887 888/888
f 872/872 888/888 873/873
f 873/873 888/888 889/889
f 873/873 889/889 874/874
f 874/874 889/889 890/890
f 874/874 890/890 875/875
f 875/875 890/890 891/891
f 875/875 891/891 876/876
f 876/876 891/891 892/892
f 876/876 892/892 877/877
f 877/877 892/892 893/893
f 877/877 893/893 878/878
f 878/878 893/893 894/894
f 878/878 894/894 879/879
f 879/879 894/894 895/895
f 879/879 895/895 880/880
f 880/880 895/895 896/896
f 880/880 896/896 865/865
f 865/865 896/896 881/881
f 881/881 897/897 882/882
f 882/882 897/897 898/898
f 882/882 898/898 883/883
f 883/883 898/898 899/899
f 883/883 899/899 884/884
f 884/884 899/899 900/900
f 884/884 900/900 885/885
f 885/885 900/900 901/901
f 885/885 901/901 886/886
f 886/886 901/901 902/902
f 886/886 902/902 887/887
f 887/887 902/902 903/903
f 887/887 903/903 888/888
f 888/888 903/903 904/904
f 888/888 904/904 889/889
f 889/889 904/904 905/905
f 889/889 905/905 890/890
f 890/890 905/905 906/906
f 890/890 906/906 891/891
f 891/891 906/906 907/907
f 891/891 907/907 892/892
f 892/892 907/907 908/908
f 892/892 908/908 893/893
f 893/893 908/908 909/909
f 893/893 909/909 894/894
f 894/894 909/909 910/910
f 894/894 910/910 895/895
f 895/895 910/910 911/911
f 895/895 911/911 896/896
f 896/896 911/911 912/912
f 896/896 912/912 881/881
f 881/881 912/912 897/897
f 897/897 913/913 898/898
f 898/898 913/913 914/914
f 898/898 914/914 899/899
f 899/899 914/914 915/915
f 899/899 915/915 900/900
f 900/900 915/915 916/916
f 900/900 916/916 901/901
f 901/901 916/916 917/917
f 901/901 917/917 902/902
f 902/902 917/917 918/918
f 902/902 918/918 903/903
f 903/903 918/918 919/919
f 903/903 919/919 904/904
f 904/904 919/919 920/920
f 904/904 920/920 905/905
f 905/905 920/920 921/921
f 905/905 921/921 906/906
f 906/906 921/921 922/922
f 906/906 922/922 907/907
f 907/907 922/922 923/923
f 907/907 923/923 908/908
f 908/908 923/923 924/924
f 908/908 924/924 909/909
f 909/909 924/924 925/925
f 909/909 925/925 910/910
f 910/910 925/925 926/926
f 910/910 926/926 911/911
f 911/911 926/926 927/927
f 911/911 927/927 912/912
f 912/912 927/927 928/928
f 912/912 928/928 897/897
f 897/897 928/928 913/913
f 913/913 929/929 914/914
f 914/914 929/929 930/930
f 914/914 930/930 915/915
f 915/915 930/930 931/931
f 915/915 931/931 916/916
f 916/916 931/931 932/932
f 916/916 932/932 917/917
f 917/917 932/932 933/933
f 917/917 933/933 918/918
f 918/918 933/933 934/934
f 918/918 934/934 919/919
f 919/919 934/934 935/935
f 919/919 935/935 920/920
f 920/920 935/935 936/936
f 920/920 936/936 921/921
f 921/921 936/936 937/937
f 921/921 937/937 922/922
f 922/922 937/937 938/938
f 922/922 938/938 923/923
f 923/923 938/938 939/939
f 923/923 939/939 924/924
f 924/924 939/939 940/940
f 924/924 940/940 925/925
f 925/925 940/940 941/941
f 925/925 941/941 926/926
f 926/926 941/941 942/942
f 926/926 942/942 927/927
f 927/927 942/942 943/943
f 927/927 943/943 928/928
f 928/928 943/943 944/944
f 928/928 944/944 913/913
f 913/913 944/944 929/929
f 929/929 945/945 930/930
f 930/930 945/945 946/946
f 930/930 946/946 931/931
f 931/931 946/946 947/947
f 931/931 947/947 932/932
f 932/932 947/947 948/948
f 932/932 948/948 933/933
f 933/933 948/948 949/949
f 933/933 949/949 934/934
f 934/934 949/949 950/950
f 934/934 950/950 935/935
f 935/935 950/950 951/951
f 935/935 951/951 936/936
f 936/936 951/951 952/952
f 936/936 952/952 937/937
f 937/937 952/952 953/953
f 937/937 953/953 938/938
f 938/938 953/953 954/954
f 938/938 954/954 939/939
f 939/939 954/954 955/955
f 939/939 955/955 940/940
f 940/940 955/955 956/956
f 940/940 956/956 941/941
f 941/941 956/956 957/957
f 941/941 957/957 942/942
f 942/942 957/957 958/958
f 942/942 958/958 943/943
f 943/943 958/958 959/959
f 943/943 959/959 944/944
f 944/944 959/959 960/960
f 944/944 960/960 929/929
f 929/929 960/960 945/945
f 945/945 961/961 946/946
f 946/946 961/961 962/962
f 946/946 962/962 947/947
f 947/947 962/962 963/963
f 947/947 963/963 948/948
f 948/948 963/963 964/964
f 948/948 964/964 949/949
f 949/949 964/964 965/965
f 949/949 965/965 950/950
f 950/950 965/965 966/966
f 950/950 966/966 951/951
f 951/951 966/966 967/967
f 951/951 967/967 952/952
f 952/952 967/967 968/968
f 952/952 968/968 953/953
f 953/953 968/968 969/969
f 953/953 969/969 954/954
f 954/954 969/969 970/970
f 954/954 970/970 955/955
f 955/955 970/970 971/971
f 955/955 971/971 956/956
f 956/956 971/971 972/972
f 956/956 972/972 957/957
f 957/957 972/972 973/973
f 957/957 973/973 958/958
f 958/958 973/973 974/974
f 958/958 974/974 959/959
f 959/959 974/974 975/975
f 959/959 975/975 960/960
f 960/960 975/975 976/976
f 960/960 976/976 945/945
f 945/945 976/976 961/961
f 961/961 977/977 962/962
f 962/962 977/977 978/978
f 962/962 978/978 963/963
f 963/963 978/978 979/979
f 963/963 979/979 964/964
f 964/964 979/979 980/980
f 964/964 980/980 965/965
f 965/965 980/980 981/981
f 965/965 981/981 966/966
f 966/966 981/981 982/982
f 966/966 982/982 967/967
f 967/967 982/982 983/983
f 967/967 983/983 968/968
f 968/968 983/983 984/984
f 968/968 984/984 969/969
f 969/969 984/984 985/985
f 969/969 985/985 970/970
f 970/970 985/985 986/986
f 970/970 986/986 971/971
f 971/971 986/986 987/987
f 971/971 987/987 972/972
f 972/972 987/987 988/988
f 972/972 988/988 973/973
f 973/973 988/988 989/989
f 973/973 989/989 974/974
f 974/974 989/989 990/990
f 974/974 990/990 975/975
f 975/975 990/990 991/991
f 975/975 991/991 976/976
f 976/976 991/991 992/992
f 976/976 992/992 961/961
f 961/961 992/992 977/977
f 977/977 993/993 978/978
f 978/978 993/993 994/994
f 978/978 994/994 979/979
f 979/979 994/994 995/995
f 979/979 995/995 980/980
f 980/980 995/995 996/996
f 980/980 996/996 981/981
f 981/981 996/996 997/997
f 981/981 997/997 982/982
f 982/982 997/997 998/998
f 982/982 998/998 983/983
f 983/983 998/998 999/999
f 983/983 999/999 984/984
f 984/984 999/999 1000/1000
f 984/984 1000/1000 985/985
f 985/985 1000/1000 1001/1001
f 985/985 1001/1001 986/986
f 986/986 1001/1001 1002/1002
f 986/986 1002/1002 987/987
f 987/987 1002/1002 1003/1003
f 987/987 1003/1003 988/988
f 988/988 1003/1003 1004/1004
f 988/988 1004/1004 989/989
f 989/989 1004/1004 1005/1005
f 989/989 1005/1005 990/990
f 990/990 1005/1005 1006/1006
f 990/990 1006/1006 991/991
f 991/991 1006/1006 1007/1007
f 991/991 1007/1007 992/992
f 992/992 1007/1007 1008/1008
f 992/992 1008/1008 977/977
f 977/977 1008/1008 993/993
f 993/993 1009/1009 994/994
f 994/994 1009/1009 1010/1010
f 994/994 1010/1010 995/995
f 995/995 1010/1010 1011/1011
f 995/995 1011/1011 996/996
f 996/996 1011/1011 1012/1012
f 996/996 1012/1012 997/997
f 997/997 1012/1012 1013/1013
f 997/997 1013/1013 998/998
f 998/998 1013/1013 1014/1014
f 998/998 1014/1014 999/999
f 999/999 1014/1014 1015/1015
f 999/999 1015/1015 1000/1000
f 1000/1000 1015/1015 1016/1016
f 1000/1000 1016/1016 1001/1001
f 1001/1001 1016/1016 1017/1017
f 1001/1001 1017/1017 1002/1002
f 1002/1002 1017/1017 1018/1018
f 1002/1002 1018/1018 1003/1003
f 1003/1003 1018/1018 1019/1019
f 1003/1003 1019/1019 1004/1004
f 1004/1004 1019/1019 1020/1020
f 1004/1004 1020/1020 1005/1005
f 1005/1005 1020/1020 1021/1021
f 1005/1005 1021/1021 1006/1006
f 1006/1006 1021/1021 1022/1022
f 1006/1006 1022/1022 1007/1007
f 1007/1007 1022/1022 1023/1023
f 1007/1007 1023/1023 1008/1008
f 1008/1008 1023/1023 1024/1024
f 1008/1008 1024/1024 993/993
f 993/993 1024/1024 1009/1009
f 1009/1009 1025/1025 1010/1010
f 1010/1010 1025/1025 1026/1026
f 1010/1010 1026/1026 1011/1011
f 1011/1011 1026/1026 1027/1027
f 1011/1011 1027/1027 1012/1012
f 1012/1012 1027/1027 1028/1028
f 1012/1012 1028/1028 1013/1013
f 1013/1013 1028/1028 1029/1029
f 1013/1013 1029/1029 1014/1014
f 1014/1014 1029/1029 1030/1030
f 1014/1014 1030/1030 1015/1015
f 1015/1015 1030/1030 1031/1031
f 1015/1015 1031/1031 1016/1016
f 1016/1016 1031/1031 1032/1032
f 1016/1016 1032/1032 1017/1017
f 1017/1017 1032/1032 1033/1033
f 1017/1017 1033/1033 1018/1018
f 1018/1018 1033/1033 1034/1034
f 1018/1018 1034/1034 1019/1019
f 1019/1019 1034/1034 1035/1035
f 1019/1019 1035/1035 1020/1020
f 1020/1020 1035/1035 1036/1036
f 1020/1020 1036/1036 1021/1021
f 1021/1021 1036/1036 1037/1037
f 1021/1021 1037/1037 1022/1022
f 1022/1022 1037/1037 1038/1038
f 1022/1022 1038/1038 1023/1023
f 1023/1023 1038/1038 1039/1039
f 1023/1023 1039/1039 1024/1024
f 1024/1024 1039/1039 1040/1040
f 1024/1024 1040/1040 1009/1009
f 1009/1009 1040/1040 1025/1025
f 1025/1025 1041/1041 1026/1026
f 1026/1026 1041/1041 1042/1042
f 1026/1026 1042/1042 1027/1027
f 1027/1027 1042/1042 1043/1043
f 1027/1027 1043/1043 1028/1028
f 1028/1028 1043/1043 1044/1044
f 1028/1028 1044/1044 1029/1029
f 1029/1029 1044/1044 1045/1045
f 1029/1029 1045/1045 1030/1030
f 1030/1030 1045/1045 1046/1046
f 1030/1030 1046/1046 1031/1031
f 1031/1031 1046/1046 1047/1047
f 1031/1031 1047/1047 1032/1032
f 1032/1032 1047/1047 1048/1048
f 1032/1032 1048/1048 1033/1033
f 1033/1033 1048/1048 1049/1049
f 1033/1033 1049/1049 1034/1034
f 1034/1034 1049/1049 1050/1050
f 1034/1034 1050/1050 1035/1035
f 1035/1035 1050/1050 1051/1051
f 1035/1035 1051/1051 1036/1036
f 1036/1036 1051/1051 1052/1052
f 1036/1036 1052/1052 1037/1037
f 1037/1037 1052/1052 1053/1053
f 1037/1037 1053/1053 1038/1038
f 1038/1038 1053/1053 1054/1054
f 1038/1038 1054/1054 1039/1039
f 1039/1039 1054/1054 1055/1055
f 1039/1039 1055/1055 1040/1040
f 1040/1040 1055/1055 1056/1056
f 1040/1040 1056/1056 1025/1025
f 1025/1025 1056/1056 1041/1041
f 1041/1041 1057/1057 1042/1042
f 1042/1042 1057/1057 1058/1058
f 1042/1042 1058/1058 1043/1043
f 1043/1043 1058/1058 1059/1059
f 1043/1043 1059/1059 1044/1044
f 1044/1044 1059/1059 1060/1060
f 1044/1044 1060/1060 1045/1045
f 1045/1045 1060/1060 1061/1061
f 1045/1045 1061/1061 1046/1046
f 1046/1046 1061/1061 1062/1062
f 1046/1046 1062/1062 1047/1047
f 1047/1047 1062/1062 1063/1063
f 1047/1047 1063/1063 1048/1048
f 1048/1048 1063/1063 1064/1064
f 1048/1048 1064/1064 1049/1049
f 1049/1049 1064/1064 1065/1065
f 1049/1049 1065/1065 1050/1050
f 1050/1050 1065/1065 1066/1066
f 1050/1050 1066/1066 1051/1051
f 1051/1051 1066/1066 1067/1067
f 1051/1051 1067/1067 1052/1052
f 1052/1052 1067/1067 1068/1068
f 1052/1052 1068/1068 1053/1053
f 1053/1053 1068/1068 1069/1069
f 1053/1053 1069/1069 1054/1054
f 1054/1054 1069/1069 1070/1070
f 1054/1054 1070/1070 1055/1055
f 1055/1055 1070/1070 1071/1071
f 1055/1055 1071/1071 1056/1056
f 1056/1056 1071/1071 1072/1072
f 1056/1056 1072/1072 1041/1041
f 1041/1041 1072/1072 1057/1057
f 1057/1057 1073/1073 1058/1058
f 1058/1058 1073/1073 1074/1074
f 1058/1058 1074/1074 1059/1059
f 1059/1059 1074/1074 1075/1075
f 1059/1059 1075/1075 1060/1060
f 1060/1060 1075/1075 1076/1076
f 1060/1060 1076/1076 1061/1061
f 1061/1061 1076/1076 1077/1077
f 1061/1061 1077/1077 1062/1062
f 1062/1062 1077/1077 1078/1078
f 1062/1062 1078/1078 1063/1063
f 1063/1063 1078/1078 1079/1079
f 1063/1063 1079/1079 1064/1064
f 1064/1064 1079/1079 1080/1080
f 1064/1064 1080/1080 1065/1065
f 1065/1065 1080/1080 1081/1081
f 1065/1065 1081/1081 1066/1066
f 1066/1066 1081/1081 1082/1082
f 1066/1066 1082/1082 1067/1067
f 1067/1067 1082/1082 1083/1083
f 1067/1067 1083/1083 1068/1068
f 1068/1068 1083/1083 1084/1084
f 1068/1068 1084/1084 1069/1069
f 1069/1069 1084/1084 1085/1085
f 1069/1069 1085/1085 1070/1070
f 1070/1070 1085/1085 1086/1086
f 1070/1070 1086/1086 1071/1071
f 1071/1071 1086/1086 1087/1087
f 1071/1071 1087/1087 1072/1072
f 1072/1072 1087/1087 1088/1088
f 1072/1072 1088/1088 1057/1057
f 1057/1057 1088/1088 1073/1073
f 1073/1073 1089/1089 1074/1074
f 1074/1074 1089/1089 1090/1090
f 1074/1074 1090/1090 1075/1075
f 1075/1075 1090/1090 1091/1091
f 1075/1075 1091/1091 1076/1076
f 1076/1076 1091/1091 1092/1092
f 1076/1076 1092/1092 1077/1077
f 1077/1077 1092/1092 1093/1093
f 1077/1077 1093/1093 1078/1078
f 1078/1078 1093/1093 1094/1094
f 1078/1078 1094/1094 1079/1079
f 1079/1079 1094/1094 1095/1095
f 1079/1079 1095/1095 1080/1080
f 1080/1080 1095/1095 1096/1096
f 1080/1080 1096/1096 1081/1081
f 1081/1081 1096/1096 1097/1097
f 1081/1081 1097/1097 1082/1082
f 1082/1082 1097/1097 1098/1098
f 1082/1082 1098/1098 1083/1083
f 1083/1083 1098/1098 1099/1099
f 1083/1083 1099/1099 1084/1084
f 1084/1084 1099/1099 1100/1100
f 1084/1084 1100/1100 1085/1085
f 1085/1085 1100/1100 1101/1101
f 1085/1085 1101/1101 1086/1086
f 1086/1086 1101/1101 1102/1102
f 1086/1086 1102/1102 1087/1087
f 1087/1087 1102/1102 1103/1103
f 1087/1087 1103/1103 1088/1088
f 1088/1088 1103/1103 1104/1104
f 1088/1088 1104/1104 1073/1073
f 1073/1073 1104/1104 1089/1089
f 1089/1089 1105/1105 1090/1090
f 1090/1090 1105/1105 1106/1106
f 1090/1090 1106/1106 1091/1091
f 1091/1091 1106/1106 1107/1107
f 1091/1091 1107/1107 1092/1092
f 1092/1092 1107/1107 1108/1108
f 1092/1092 1108/1108 1093/1093
f 1093/1093 1108/1108 1109/1109
f 1093/1093 1109/1109 1094/1094
f 1094/1094 1109/1109 1110/1110
f 1094/1094 1110/1110 1095/1095
f 1095/1095 1110/1110 1111/1111
f 1095/1095 1111/1111 1096/1096
f 1096/1096 1111/1111 1112/1112
f 1096/1096 1112/1112 1097/1097
f 1097/1097 1112/1112 1113/1113
f 1097/1097 1113/1113 1098/1098
f 1098/1098 1113/1113 1114/1114
f 1098/1098 1114/1114 1099/1099
f 1099/1099 1114/1114 1115/1115
f 1099/1099 1115/1115 1100/1100
f 1100/1100 1115/1115 1116/1116
f 1100/1100 1116/1116 1101/1101
f 1101/1101 1116/1116 1117/1117
f 1101/1101 1117/1117 1102/1102
f 1102/1102 1117/1117 1118/1118
f 1102/1102 1118/1118 1103/1103
f 1103/1103 1118/1118 1119/1119
f 1103/1103 1119/1119 1104/1104
f 1104/1104 1119/1119 1120/1120
f 1104/1104 1120/1120 1089/1089
f 1089/1089 1120/1120 1105/1105
f 1105/1105 1121/1121 1106/1106
f 1106/1106 1121/1121 1122/1122
f 1106/1106 1122/1122 1107/1107
f 1107/1107 1122/1122 1123/1123
f 1107/1107 1123/1123 1108/1108
f 1108/1108 1123/1123 1124/1124
f 1108/1108 1124/1124 1109/1109
f 1109/1109 1124/1124 1125/1125
f 1109/1109 1125/1125 1110/1110
f 1110/1110 1125/1125 1126/1126
f 1110/1110 1126/1126 1111/1111
f 1111/1111 1126/1126 1127/1127
f 1111/1111 1127/1127 1112/1112
f 1112/1112 1127/1127 1128/1128
f 1112/1112 1128/1128 1113/1113
f 1113/1113 1128/1128 1129/1129
f 1113/1113 1129/1129 1114/1114
f 1114/1114 1129/1129 1130/1130
f 1114/1114 1130/1130 1115/1115
f 1115/1115 1130/1130 1131/1131
f 1115/1115 1131/1131 1116/1116
f 1116/1116 1131/1131 1132/1132
f 1116/1116 1132/1132 1117/1117
f 1117/1117 1132/1132 1133/1133
f 1117/1117 1133/1133 1118/1118
f 1118/1118 1133/1133 1134/1134
f 1118/1118 1134/1134 1119/1119
f 1119/1119 1134/1134 1135/1135
f 1119/1119 1135/1135 1120/1120
f 1120/1120 1135/1135 1136/1136
f 1120/1120 1136/1136 1105/1105
f 1105/1105 1136/1136 1121/1121
f 1121/1121 1137/1137 1122/1122
f 1122/1122 1137/1137 1138/1138
f 1122/1122 1138/1138 1123/1123
f 1123/1123 1138/1138 1139/1139
f 1123/1123 1139/1139 1124/1124
f 1124/1124 1139/1139 1140/1140
f 1124/1124 1140/1140 1125/1125
f 1125/1125 1140/1140 1141/1141
f 1125/1125 1141/1141 1126/1126
f 1126/1126 1141/1141 1142/1142
f 1126/1126 1142/1142 1127/1127
f 1127/1127 1142/1142 1143/1143
f 1127/1127 1143/1143 1128/1128
f 1128/1128 1143/1143 1144/1144
f 1128/1128 1144/1144 1129/1129
f 1129/1129 1144/1144 1145/1145
f 1129/1129 1145/1145 1130/1130
f 1130/1130 1145/1145 1146/1146
f 1130/1130 1146/1146 1131/1131
f 1131/1131 1146/1146 1147/1147
f 1131/1131 1147/1147 1132/1132
f 1132/1132 1147/1147 1148/1148
f 1132/1132 1148/1148 1133/1133
f 1133/1133 1148/1148 1149/1149
f 1133/1133 1149/1149 1134/1134
f 1134/1134 1149/1149 1150/1150
f 1134/1134 1150/1150 1135/1135
f 1135/1135 1150/1150 1151/1151
f 1135/1135 1151/1151 1136/1136
f 1136/1136 1151/1151 1152/1152
f 1136/1136 1152/1152 1121/1121
f 1121/1121 1152/1152 1137/1137
f 1137/1137 1153/1153 1138/1138
f 1138/1138 1153/1153 1154/1154
f 1138/1138 1154/1154 1139/1139
f 1139/1139 1154/1154 1155/1155
f 1139/1139 1155/1155 1140/1140
f 1140/1140 1155/1155 1156/1156
f 1140/1140 1156/1156 1141/1141
f 1141/1141 1156/1156 1157/1157
f 1141/1141 1157/1157 1142/1142
f 1142/1142 1157/1157 1158/1158
f 1142/1142 1158/1158 1143/1143
f 1143/1143 1158/1158 1159/1159
f 1143/1143 1159/1159 1144/1144
f 1144/1144 1159/1159 1160/1160
f 1144/1144 1160/1160 1145/1145
f 1145/1145 1160/1160 1161/1161
f 1145/1145 1161/1161 1146/1146
f 1146/1146 1161/1161 1162/1162
f 1146/1146 1162/1162 1147/1147
f 1147/1147 1162/1162 1163/1163
f 1147/1147 1163/1163 1148/1148
f 1148/1148 1163/1163 1164/1164
f 1148/1148 1164/1164 1149/1149
f 1149/1149 1164/1164 1165/1165
f 1149/1149 1165/1165 1150/1150
f 1150/1150 1165/1165 1166/1166
f 1150/1150 1166/1166 1151/1151
f 1151/1151 1166/1166 1167/1167
f 1151/1151 1167/1167 1152/1152
f 1152/1152 1167/1167 1168/1168
f 1152/1152 1168/1168 1137/1137
f 1137/1137 1168/1168 1153/1153
f 1153/1153 1169/1169 1154/1154
f 1154/1154 1169/1169 1170/1170
f 1154/1154 1170/1170 1155/1155
f 1155/1155 1170/1170 1171/1171
f 1155/1155 1171/1171 1156/1156
f 1156/1156 1171/1171 1172/1172
f 1156/1156 1172/1172 1157/1157
f 1157/1157 1172/1172 1173/1173
f 1157/1157 1173/1173 1158/1158
f 1158/1158 1173/1173 1174/1174
f 1158/1158 1174/1174 1159/1159
f 1159/1159 1174/1174 1175/1175
f 1159/1159 1175/1175 1160/1160
f 1160/1160 1175/1175 1176/1176
f 1160/1160 1176/1176 1161/1161
f 1161/1161 1176/1176 1177/1177
f 1161/1161 1177/1177 1162/1162
f 1162/1162 1177/1177 1178/1178
f 1162/1162 1178/1178 1163/1163
f 1163/1163 1178/1178 1179/1179
f 1163/1163 1179/1179 1164/1164
f 1164/1164 1179/1179 1180/1180
f 1164/1164 1180/1180 1165/1165
f 1165/1165 1180/1180 1181/1181
f 1165/1165 1181/1181 1166/1166
f 1166/1166 1181/1181 1182/1182
f 1166/1166 1182/1182 1167/1167
f 1167/1167 1182/1182 1183/1183
f 1167/1167 1183/1183 1168/1168
f 1168/1168 1183/1183 1184/1184
f 1168/1168 1184/1184 1153/1153
f 1153/1153 1184/1184 1169/1169
f 1169/1169 1185/1185 1170/1170
f 1170/1170 1185/1185 1186/1186
f 1170/1170 1186/1186 1171/1171
f 1171/1171 1186/1186 1187/1187
f 1171/1171 1187/1187 1172/1172
f 1172/1172 1187/1187 1188/1188
f 1172/1172 1188/1188 1173/1173
f 1173/1173 1188/1188 1189/1189
f 1173/1173 1189/1189 1174/1174
f 1174/1174 1189/1189 1190/1190
f 1174/1174 1190/1190 1175/1175
f 1175/1175 1190/1190 1191/1191
f 1175/1175 1191/1191 1176/1176
f 1176/1176 1191/1191 1192/1192
f 1176/1176 1192/1192 1177/1177
f 1177/1177 1192/1192 1193/1193
f 1177/1177 1193/1193 1178/1178
f 1178/1178 1193/1193 1194/1194
f 1178/1178 1194/1194 1179/1179
f 1179/1179 1194/1194 1195/1195
f 1179/1179 1195/1195 1180/1180
f 1180/1180 1195/1195 1196/1196
f 1180/1180 1196/1196 1181/1181
f 1181/1181 1196/1196 1197/1197
f 1181/1181 1197/1197 1182/1182
f 1182/1182 1197/1197 1198/1198
f 1182/1182 1198/1198 1183/1183
f 1183/1183 1198/1198 1199/1199
f 1183/1183 1199/1199 1184/1184
f 1184/1184 1199/1199 1200/1200
f 1184/1184 1200/1200 1169/1169
f 1169/1169 1200/1200 1185/1185
f 1185/1185 1201/1201 1186/1186
f 1186/1186 1201/1201 1202/1202
f 1186/1186 1202/1202 1187/1187
f 1187/1187 1202/1202 1203/1203
f 1187/1187 1203/1203 1188/1188
f 1188/1188 1203/1203 1204/1204
f 1188/1188 1204/1204 1189/1189
f 1189/1189 1204/1204 1205/1205
f 1189/1189 1205/1205 1190/1190
f 1190/1190 1205/1205 1206/1206
f 1190/1190 1206/1206 1191/1191
f 1191/1191 1206/1206 1207/1207
f 1191/1191 1207/1207 1192/1192
f 1192/1192 1207/1207 1208/1208
f 1192/1192 1208/1208 1193/1193
f 1193/1193 1208/1208 1209/1209
f 1193/1193 1209/1209 1194/1194
f 1194/1194 1209/1209 1210/1210
f 1194/1194 1210/1210 1195/1195
f 1195/1195 1210/1210 1211/1211
f 1195/1195 1211/1211 1196/1196
f 1196/1196 1211/1211 1212/1212
f 1196/1196 1212/1212 1197/1197
f 1197/1197 1212/1212 1213/1213
f 1197/1197 1213/1213 1198/1198
f 1198/1198 1213/1213 1214/1214
f 1198/1198 1214/1214 1199/1199
f 1199/1199 1214/1214 1215/1215
f 1199/1199 1215/1215 1200/1200
f 1200/1200 1215/1215 1216/1216
f 1200/1200 1216/1216 1185/1185
f 1185/1185 1216/1216 1201/1201
f 1201/1201 1217/1217 1202/1202
f 1202/1202 1217/1217 1218/1218
f 1202/1202 1218/1218 1203/1203
f 1203/1203 1218/1218 1219/1219
f 1203/1203 1219/1219 1204/1204
f 1204/1204 1219/1219 1220/1220
f 1204/1204 1220/1220 1205/1205
f 1205/1205 1220/1220 1221/1221
f 1205/1205 1221/1221 1206/1206
f 1206/1206 1221/1221 1222/1222
f 1206/1206 1222/1222 1207/1207
f 1207/1207 1222/1222 1223/1223
f 1207/1207 1223/1223 1208/1208
f 1208/1208 1223/1223 1224/1224
f 1208/1208 1224/1224 1209/1209
f 1209/1209 1224/1224 1225/1225
f 1209/1209 1225/1225 1210/1210
f 1210/1210 1225/1225 1226/1226
f 1210/1210 1226/1226 1211/1211
f 1211/1211 1226/1226 1227/1227
f 1211/1211 1227/1227 1212/1212
f 1212/1212 1227/1227 1228/1228
f 1212/1212 1228/1228 1213/1213
f 1213/1213 1228/1228 1229/1229
f 1213/1213 1229/1229 1214/1214
f 1214/1214 1229/1229 1230/1230
f 1214/1214 1230/1230 1215/1215
f 1215/1215 1230/1230 1231/1231
f 1215/1215 1231/1231 1216/1216
f 1216/1216 1231/1231 1232/1232
f 1216/1216 1232/1232 1201/1201
f 1201/1201 1232/1232 1217/1217
f 1217/1217 1233/1233 1218/1218
f 1218/1218 1233/1233 1234/1234
f 1218/1218 1234/1234 1219/1219
f 1219/1219 1234/1234 1235/1235
f 1219/1219 1235/1235 1220/1220
f 1220/1220 1235/1235 1236/1236
f 1220/1220 1236/1236 1221/1221
f 1221/1221 1236/1236 1237/1237
f 1221/1221 1237/1237 1222/1222
f 1222/1222 1237/1237 1238/1238
f 1222/1222 1238/1238 1223/1223
f 1223/1223 1238/1238 1239/1239
f 1223/1223 1239/1239 1224/1224
f 1224/1224 1239/1239 1240/1240
f 1224/1224 1240/1240 1225/1225
f 1225/1225 1240/1240 1241/1241
f 1225/1225 1241/1241 1226/1226
f 1226/1226 1241/1241 1242/1242
f 1226/1226 1242/1242 1227/1227
f 1227/1227 1242/1242 1243/1243
f 1227/1227 1243/1243 1228/1228
f 1228/1228 1243/1243 1244/1244
f 1228/1228 1244/1244 1229/1229
f 1229/1229 1244/1244 1245/1245
f 1229/1229 1245/1245 1230/1230
f 1230/1230 1245/1245 1246/1246
f 1230/1230 1246/1246 1231/1231
f 1231/1231 1246/1246 1247/1247
f 1231/1231 1247/1247 1232/1232
f 1232/1232 1247/1247 1248/1248
f 1232/1232 1248/1248 1217/1217
f 1217/1217 1248/1248 1233/1233
f 1233/1233 1249/1249 1234/1234
f 1234/1234 1249/1249 1250/1250
f 1234/1234 1250/1250 1235/1235
f 1235/1235 1250/1250 1251/1251
f 1235/1235 1251/1251 1236/1236
f 1236/1236 1251/1251 1252/1252
f 1236/1236 1252/1252 1237/1237
f 1237/1237 1252/1252 1253/1253
f 1237/1237 1253/1253 1238/1238
f 1238/1238 1253/1253 1254/1254
f 1238/1238 1254/1254 1239/1239
f 1239/1239 1254/1254 1255/1255
f 1239/1239 1255/1255 1240/1240
f 1240/1240 1255/1255 1256/1256
f 1240/1240 1256/1256 1241/1241
f 1241/1241 1256/1256 1257/1257
f 1241/1241 1257/1257 1242/1242
f 1242/1242 1257/1257 1258/1258
f 1242/1242 1258/1258 1243/1243
f 1243/1243 1258/1258 1259/1259
f 1243/1243 1259/1259 1244/1244
f 1244/1244 1259/1259 1260/1260
f 1244/1244 1260/1260 1245/1245
f 1245/1245 1260/1260 1261/1261
f 1245/1245 1261/1261 1246/1246
f 1246/1246 1261/1261 1262/1262
f 1246/1246 1262/1262 1247/1247
f 1247/1247 1262/1262 1263/1263
f 1247/1247 1263/1263 1248/1248
f 1248/1248 1263/1263 1264/1264
f 1248/1248 1264/1264 1233/1233
f 1233/1233 1264/1264 1249/1249
f 1249/1249 1265/1265 1250/1250
f 1250/1250 1265/1265 1266/1266
f 1250/1250 1266/1266 1251/1251
f 1251/1251 1266/1266 1267/1267
f 1251/1251 1267/1267 1252/1252
f 1252/1252 1267/1267 1268/1268
f 1252/1252 1268/1268 1253/1253
f 1253/1253 1268/1268 1269/1269
f 1253/1253 1269/1269 1254/1254
f 1254/1254 1269/1269 1270/1270
f 1254/1254 1270/1270 1255/1255
f 1255/1255 1270/1270 1271/1271
f 1255/1255 1271/1271 1256/1256
f 1256/1256 1271/1271 1272/1272
f 1256/1256 1272/1272 1257/1257
f 1257/1257 1272/1272 1273/1273
f 1257/1257 1273/1273 1258/1258
f 1258/1258 1273/1273 1274/1274
f 1258/1258 1274/1274 1259/1259
f 1259/1259 1274/1274 1275/1275
f 1259/1259 1275/1275 1260/1260
f 1260/1260 1275/1275 1276/1276
f 1260/1260 1276/1276 1261/1261
f 1261/1261 1276/1276 1277/1277
f 1261/1261 1277/1277 1262/1262
f 1262/1262 1277/1277 1278/1278
f 1262/1262 1278/1278 1263/1263
f 1263/1263 1278/1278 1279/1279
f 1263/1263 1279/1279 1264/1264
f 1264/1264 1279/1279 1280/1280
f 1264/1264 1280/1280 1249/1249
f 1249/1249 1280/1280 1265/1265
f 1265/1265 1281/1281 1266/1266
f 1266/1266 1281/1281 1282/1282
f 1266/1266 1282/1282 1267/1267
f 1267/1267 1282/1282 1283/1283
f 1267/1267 1283/1283 1268/1268
f 1268/1268 1283/1283 1284/1284
f 1268/1268 1284/1284 1269/1269
f 1269/1269 1284/1284 1285/1285
f 1269/1269 1285/1285 1270/1270
f 1270/1270 1285/1285 1286/1286
f 1270/1270 1286/1286 1271/1271
f 1271/1271 1286/1286 1287/1287
f 1271/1271 1287/1287 1272/1272
f 1272/1272 1287/1287 1288/1288
f 1272/1272 1288/1288 1273/1273
f 1273/1273 1288/1288 1289/1289
f 1273/1273 1289/1289 1274/1274
f 1274/1274 1289/1289 1290/1290
f 1274/1274 1290/1290 1275/1275
f 1275/1275 1290/1290 1291/1291
f 1275/1275 1291/1291 1276/1276
f 1276/1276 1291/1291 1292/1292
f 1276/1276 1292/1292 1277/1277
f 1277/1277 1292/1292 1293/1293
f 1277/1277 1293/1293 1278/1278
f 1278/1278 1293/1293 1294/1294
f 1278/1278 1294/1294 1279/1279
f 1279/1279 1294/1294 1295/1295
f 1279/1279 1295/1295 1280/1280
f 1280/1280 1295/1295 1296/1296
f 1280/1280 1296/1296 1265/1265
f 1265/1265 1296/1296 1281/1281
f 1281/1281 1297/1297 1282/1282
f 1282/1282 1297/1297 1298/1298
f 1282/1282 1298/1298 1283/1283
f 1283/1283 1298/1298 1299/1299
f 1283/1283 1299/1299 1284/1284
f 1284/1284 1299/1299 1300/1300
f 1284/1284 1300/1300 1285/1285
f 1285/1285 1300/1300 1301/1301
f 1285/1285 1301/1301 1286/1286
f 1286/1286 1301/1301 1302/1302
f 1286/1286 1302/1302 1287/1287
f 1287/1287 1302/1302 1303/1303
f 1287/1287 1303/1303 1288/1288
f 1288/1288 1303/1303 1304/1304
f 1288/1288 1304/1304 1289/1289
f 1289/1289 1304/1304 1305/1305
f 1289/1289 1305/1305 1290/1290
f 1290/1290 1305/1305 1306/1306
f 1290/1290 1306/1306 1291/1291
f 1291/1291 1306/1306 1307/1307
f 1291/1291 1307/1307 1292/1292
f 1292/1292 1307/1307 1308/1308
f 1292/1292 1308/1308 1293/1293
f 1293/1293 1308/1308 1309/1309
f 1293/1293 1309/1309 1294/1294
f 1294/1294 1309/1309 1310/1310
f 1294/1294 1310/1310 1295/1295
f 1295/1295 1310/1310 1311/1311
f 1295/1295 1311/1311 1296/1296
f 1296/1296 1311/1311 1312/1312
f 1296/1296 1312/1312 1281/1281
f 1281/1281 1312/1312 1297/1297
f 1297/1297 1313/1313 1298/1298
f 1298/1298 1313/1313 1314/1314
f 1298/1298 1314/1314 1299/1299
f 1299/1299 1314/1314 1315/1315
f 1299/1299 1315/1315 1300/1300
f 1300/1300 1315/1315 1316/1316
f 1300/1300 1316/1316 1301/1301
f 1301/1301 1316/1316 1317/1317
f 1301/1301 1317/1317 1302/1302
f 1302/1302 1317/1317 1318/1318
f 1302/1302 1318/1318 1303/1303
f 1303/1303 1318/1318 1319/1319
f 1303/1303 1319/1319 1304/1304
f 1304/1304 1319/1319 1320/1320
f 1304/1304 1320/1320 1305/1305
f 1305/1305 1320/1320 1321/1321
f 1305/1305 1321/1321 1306/1306
f 1306/1306 1321/1321 1322/1322
f 1306/1306 1322/1322 1307/1307
f 1307/1307 1322/1322 1323/1323
f 1307/1307 1323/1323 1308/1308
f 1308/1308 1323/1323 1324/1324
f 1308/1308 1324/1324 1309/1309
f 1309/1309 1324/1324 1325/1325
f 1309/1309 1325/1325 1310/1310
f 1310/1310 1325/1325 1326/1326
f 1310/1310 1326/1326 1311/1311
f 1311/1311 1326/1326 1327/1327
f 1311/1311 1327/1327 1312/1312
f 1312/1312 1327/1327 1328/1328
f 1312/1312 1328/1328 1297/1297
f 1297/1297 1328/1328 1313/1313
f 1313/1313 1329/1329 1314/1314
f 1314/1314 1329/1329 1330/1330
f 1314/1314 1330/1330 1315/1315
f 1315/1315 1330/1330 1331/1331
f 1315/1315 1331/1331 1316/1316
f 1316/1316 1331/1331 1332/1332
f 1316/1316 1332/1332 1317/1317
f 1317/1317 1332/1332 1333/1333
f 1317/1317 1333/1333 1318/1318
f 1318/1318 1333/1333 1334/1334
f 1318/1318 1334/1334 1319/1319
f 1319/1319 1334/1334 1335/1335
f 1319/1319 1335/1335 1320/1320
f 1320/1320 1335/1335 1336/1336
f 1320/1320 1336/1336 1321/1321
f 1321/1321 1336/1336 1337/1337
f 1321/1321 1337/1337 1322/1322
f 1322/1322 1337/1337 1338/1338
f 1322/1322 1338/1338 1323/1323
f 1323/1323 1338/1338 1339/1339
f 1323/1323 1339/1339 1324/1324
f 1324/1324 1339/1339 1340/1340
f 1324/1324 1340/1340 1325/1325
f 1325/1325 1340/1340 1341/1341
f 1325/1325 1341/1341 1326/1326
f 1326/1326 1341/1341 1342/1342
f 1326/1326 1342/1342 1327/1327
f 1327/1327 1342/1342 1343/1343
f 1327/1327 1343/1343 1328/1328
f 1328/1328 1343/1343 1344/1344
f 1328/1328 1344/1344 1313/1313
f 1313/1313 1344/1344 1329/1329
f 1329/1329 1345/1345 1330/1330
f 1330/1330 1345/1345 1346/1346
f 1330/1330 1346/1346 1331/1331
f 1331/1331 1346/1346 1347/1347
f 1331/1331 1347/1347 1332/1332
f 1332/1332 1347/1347 1348/1348
f 1332/1332 1348/1348 1333/1333
f 1333/1333 1348/1348 1349/1349
f 1333/1333 1349/1349 1334/1334
f 1334/1334 1349/1349 1350/1350
f 1334/1334 1350/1350 1335/1335
f 1335/1335 1350/1350 1351/1351
f 1335/1335 1351/1351 1336/1336
f 1336/1336 1351/1351 1352/1352
f 1336/1336 1352/1352 1337/1337
f 1337/1337 1352/1352 1353/1353
f 1337/1337 1353/1353 1338/1338
f 1338/1338 1353/1353 1354/1354
f 1338/1338 1354/1354 1339/1339
f 1339/1339 1354/1354 1355/1355
f 1339/1339 1355/1355 1340/1340
f 1340/1340 1355/1355 1356/1356
f 1340/1340 1356/1356 1341/1341
f 1341/1341 1356/1356 1357/1357
f 1341/1341 1357/1357 1342/1342
f 1342/1342 1357/1357 1358/1358
f 1342/1342 1358/1358 1343/1343
f 1343/1343 1358/1358 1359/1359
f 1343/1343 1359/1359 1344/1344
f 1344/1344 1359/1359 1360/1360
f 1344/1344 1360/1360 1329/1329
f 1329/1329 1360/1360 1345/1345
f 1345/1345 1361/1361 1346/1346
f 1346/1346 1361/1361 1362/1362
f 1346/1346 1362/1362 1347/1347
f 1347/1347 1362/1362 1363/1363
f 1347/1347 1363/1363 1348/1348
f 1348/1348 1363/1363 1364/1364
f 1348/1348 1364/1364 1349/1349
f 1349/1349 1364/1364 1365/1365
f 1349/1349 1365/1365 1350/1350
f 1350/1350 1365/1365 1366/1366
f 1350/1350 1366/1366 1351/1351
f 1351/1351 1366/1366 1367/1367
f 1351/1351 1367/1367 1352/1352
f 1352/1352 1367/1367 1368/1368
f 1352/1352 1368/1368 1353/1353
f 1353/1353 1368/1368 1369/1369
f 1353/1353 1369/1369 1354/1354
f 1354/1354 1369/1369 1370/1370
f 1354/1354 1370/1370 1355/1355
f 1355/1355 1370/1370 1371/1371
f 1355/1355 1371/1371 1356/1356
f 1356/1356 1371/1371 1372/1372
f 1356/1356 1372/1372 1357/1357
f 1357/1357 1372/1372 1373/1373
f 1357/1357 1373/1373 1358/1358
f 1358/1358 1373/1373 1374/1374
f 1358/1358 1374/1374 1359/1359
f 1359/1359 1374/1374 1375/1375
f 1359/1359 1375/1375 1360/1360
f 1360/1360 1375/1375 1376/1376
f 1360/1360 1376/1376 1345/1345
f 1345/1345 1376/1376 1361/1361
f 1361/1361 1377/1377 1362/1362
f 1362/1362 1377/1377 1378/1378
f 1362/1362 1378/1378 1363/1363
f 1363/1363 1378/1378 1379/1379
f 1363/1363 1379/1379 1364/1364
f 1364/1364 1379/1379 1380/1380
f 1364/1364 1380/1380 1365/1365
f 1365/1365 1380/1380 1381/1381
f 1365/1365 1381/1381 1366/1366
f 1366/1366 1381/1381 1382/1382
f 1366/1366 1382/1382 1367/1367
f 1367/1367 1382/1382 1383/1383
f 1367/1367 1383/1383 1368/1368
f 1368/1368 1383/1383 1384/1384
f 1368/1368 1384/1384 1369/1369
f 1369/1369 1384/1384 1385/1385
f 1369/1369 1385/1385 1370/1370
f 1370/1370 1385/1385 1386/1386
f 1370/1370 1386/1386 1371/1371
f 1371/1371 1386/1386 1387/1387
f 1371/1371 1387/1387 1372/1372
f 1372/1372 1387/1387 1388/1388
f 1372/1372 1388/1388 1373/1373
f 1373/1373 1388/1388 1389/1389
f 1373/1373 1389/1389 1374/1374
f 1374/1374 1389/1389 1390/1390
f 1374/1374 1390/1390 1375/1375
f 1375/1375 1390/1390 1391/1391
f 1375/1375 1391/1391 1376/1376
f 1376/1376 1391/1391 1392/1392
f 1376/1376 1392/1392 1361/1361
f 1361/1361 1392/1392 1377/1377
f 1377/1377 1393/1393 1378/1378
f 1378/1378 1393/1393 1394/1394
f 1378/1378 1394/1394 1379/1379
f 1379/1379 1394/1394 1395/1395
f 1379/1379 1395/1395 1380/1380
f 1380/1380 1395/1395 1396/1396
f 1380/1380 1396/1396 1381/1381
f 1381/1381 1396/1396 1397/1397
f 1381/1381 1397/1397 1382/1382
f 1382/1382 1397/1397 1398/1398
f 1382/1382 1398/1398 1383/1383
f 1383/1383 1398/1398 1399/1399
f 1383/1383 1399/1399 1384/1384
f 1384/1384 1399/1399 1400/1400
f 1384/1384 1400/1400 1385/1385
f 1385/1385 1400/1400 1401/1401
f 1385/1385 1401/1401 1386/1386
f 1386/1386 1401/1401 1402/1402
f 1386/1386 1402/1402 1387/1387
f 1387/1387 1402/1402 1403/1403
f 1387/1387 1403/1403 1388/1388
f 1388/1388 1403/1403 1404/1404
f 1388/1388 1404/1404 1389/1389
f 1389/1389 1404/1404 1405/1405
f 1389/1389 1405/1405 1390/1390
f 1390/1390 1405/1405 1406/1406
f 1390/1390 1406/1406 1391/1391
f 1391/1391 1406/1406 1407/1407
f 1391/1391 1407/1407 1392/1392
f 1392/1392 1407/1407 1408/1408
f 1392/1392 1408/1408 1377/1377
f 1377/1377 1408/1408 1393/1393
f 1393/1393 1409/1409 1394/1394
f 1394/1394 1409/1409 1410/1410
f 1394/1394 1410/1410 1395/1395
f 1395/1395 1410/1410 1411/1411
f 1395/1395 1411/1411 1396/1396
f 1396/1396 1411/1411 1412/1412
f 1396/1396 1412/1412 1397/1397
f 1397/1397 1412/1412 1413/1413
f 1397/1397 1413/1413 1398/1398
f 1398/1398 1413/1413 1414/1414
f 1398/1398 1414/1414 1399/1399
f 1399/1399 1414/1414 1415/1415
f 1399/1399 1415/1415 1400/1400
f 1400/1400 1415/1415 1416/1416
f 1400/1400 1416/1416 1401/1401
f 1401/1401 1416/1416 1417/1417
f 1401/1401 1417/1417 1402/1402
f 1402/1402 1417/1417 1418/1418
f 1402/1402 1418/1418 1403/1403
f 1403/1403 1418/1418 1419/1419
f 1403/1403 1419/1419 1404/1404
f 1404/1404 1419/1419 1420/1420
f 1404/1404 1420/1420 1405/1405
f 1405/1405 1420/1420 1421/1421
f 1405/1405 1421/1421 1406/1406
f 1406/1406 1421/1421 1422/1422
f 1406/1406 1422/1422 1407/1407
f 1407/1407 1422/1422 1423/1423
f 1407/1407 1423/1423 1408/1408
f 1408/1408 1423/1423 1424/1424
f 1408/1408 1424/1424 1393/1393
f 1393/1393 1424/1424 1409/1409
f 1409/1409 1425/1425 1410/1410
f 1410/1410 1425/1425 1426/1426
f 1410/1410 1426/1426 1411/1411
f 1411/1411 1426/1426 1427/1427
f 1411/1411 1427/1427 1412/1412
f 1412/1412 1427/1427 1428/1428
f 1412/1412 1428/1428 1413/1413
f 1413/1413 1428/1428 1429/1429
f 1413/1413 1429/1429 1414/1414
f 1414/1414 1429/1429 1430/1430
f 1414/1414 1430/1430 1415/1415
f 1415/1415 1430/1430 1431/1431
f 1415/1415 1431/1431 1416/1416
f 1416/1416 1431/1431 1432/1432
f 1416/1416 1432/1432 1417/1417
f 1417/1417 1432/1432 1433/1433
f 1417/1417 1433/1433 1418/1418
f 1418/1418 1433/1433 1434/1434
f 1418/1418 1434/1434 1419/1419
f 1419/1419 1434/1434 1435/1435
f 1419/1419 1435/1435 1420/1420
f 1420/1420 1435/1435 1436/1436
f 1420/1420 1436/1436 1421/1421
f 1421/1421 1436/1436 1437/1437
f 1421/1421 1437/1437 1422/1422
f 1422/1422 1437/1437 1438/1438
f 1422/1422 1438/1438 1423/1423
f 1423/1423 1438/1438 1439/1439
f 1423/1423 1439/1439 1424/1424
f 1424/1424 1439/1439 1440/1440
f 1424/1424 1440/1440 1409/1409
f 1409/1409 1440/1440 1425/1425
f 1425/1425 1441/1441 1426/1426
f 1426/1426 1441/1441 1442/1442
f 1426/1426 1442/1442 1427/1427
f 1427/1427 1442/1442 1443/1443
f 1427/1427 1443/1443 1428/1428
f 1428/1428 1443/1443 1444/1444
f 1428/1428 1444/1444 1429/1429
f 1429/1429 1444/1444 1445/1445
f 1429/1429 1445/1445 1430/1430
f 1430/1430 1445/1445 1446/1446
f 1430/1430 1446/1446 1431/1431
f 1431/1431 1446/1446 1447/1447
f 1431/1431 1447/1447 1432/1432
f 1432/1432 1447/1447 1448/1448
f 1432/1432 1448/1448 1433/1433
f 1433/1433 1448/1448 1449/1449
f 1433/1433 1449/1449 1434/1434
f 1434/1434 1449/1449 1450/1450
f 1434/1434 1450/1450 1435/1435
f 1435/1435 1450/1450 1451/1451
f 1435/1435 1451/1451 1436/1436
f 1436/1436 1451/1451 1452/1452
f 1436/1436 1452/1452 1437/1437
f 1437/1437 1452/1452 1453/1453
f 1437/1437 1453/1453 1438/1438
f 1438/1438 1453/1453 1454/1454
f 1438/1438 1454/1454 1439/1439
f 1439/1439 1454/1454 1455/1455
f 1439/1439 1455/1455 1440/1440
f 1440/1440 1455/1455 1456/1456
f 1440/1440 1456/1456 1425/1425
f 1425/1425 1456/1456 1441/1441
f 1441/1441 1457/1457 1442/1442
f 1442/1442 1457/1457 1458/1458
f 1442/1442 1458/1458 1443/1443
f 1443/1443 1458/1458 1459/1459
f 1443/1443 1459/1459 1444/1444
f 1444/1444 1459/1459 1460/1460
f 1444/1444 1460/1460 1445/1445
f 1445/1445 1460/1460 1461/1461
f 1445/1445 1461/1461 1446/1446
f 1446/1446 1461/1461 1462/1462
f 1446/1446 1462/1462 1447/1447
f 1447/1447 1462/1462 1463/1463
f 1447/1447 1463/1463 1448/1448
f 1448/1448 1463/1463 1464/1464
f 1448/1448 1464/1464 1449/1449
f 1449/1449 1464/1464 1465/1465
f 1449/1449 1465/1465 1450/1450
f 1450/1450 1465/1465 1466/1466
f 1450/1450 1466/1466 1451/1451
f 1451/1451 1466/1466 1467/1467
f 1451/1451 1467/1467 1452/1452
f 1452/1452 1467/1467 1468/1468
f 1452/1452 1468/1468 1453/1453
f 1453/1453 1468/1468 1469/1469
f 1453/1453 1469/1469 1454/1454
f 1454/1454 1469/1469 1470/1470
f 1454/1454 1470/1470 1455/1455
f 1455/1455 1470/1470 1471/1471
f 1455/1455 1471/1471 1456/1456
f 1456/1456 1471/1471 1472/1472
f 1456/1456 1472/1472 1441/1441
f 1441/1441 1472/1472 1457/1457
f 1457/1457 1473/1473 1458/1458
f 1458/1458 1473/1473 1474/1474
f 1458/1458 1474/1474 1459/1459
f 1459/1459 1474/1474 1475/1475
f 1459/1459 1475/1475 1460/1460
f 1460/1460 1475/1475 1476/1476
f 1460/1460 1476/1476 1461/1461
f 1461/1461 1476/1476 1477/1477
f 1461/1461 1477/1477 1462/1462
f 1462/1462 1477/1477 1478/1478
f 1462/1462 1478/1478 1463/1463
f 1463/1463 1478/1478 1479/1479
f 1463/1463 1479/1479 1464/1464
f 1464/1464 1479/1479 1480/1480
f 1464/1464 1480/1480 1465/1465
f 1465/1465 1480/1480 1481/1481
f 1465/1465 1481/1481 1466/1466
f 1466/1466 1481/1481 1482/1482
f 1466/1466 1482/1482 1467/1467
f 1467/1467 1482/1482 1483/1483
f 1467/1467 1483/1483 1468/1468
f 1468/1468 1483/1483 1484/1484
f 1468/1468 1484/1484 1469/1469
f 1469/1469 1484/1484 1485/1485
f 1469/1469 1485/1485 1470/1470
f 1470/1470 1485/1485 1486/1486
f 1470/1470 1486/1486 1471/1471
f 1471/1471 1486/1486 1487/1487
f 1471/1471 1487/1487 1472/1472
f 1472/1472 1487/1487 1488/1488
f 1472/1472 1488/1488 1457/1457
f 1457/1457 1488/1488 1473/1473
f 1473/1473 1489/1489 1474/1474
f 1474/1474 1489/1489 1490/1490
f 1474/1474 1490/1490 1475/1475
f 1475/1475 1490/1490 1491/1491
f 1475/1475 1491/1491 1476/1476
f 1476/1476 1491/1491 1492/1492
f 1476/1476 1492/1492 1477/1477
f 1477/1477 1492/1492 1493/1493
f 1477/1477 1493/1493 1478/1478
f 1478/1478 1493/1493 1494/1494
f 1478/1478 1494/1494 1479/1479
f 1479/1479 1494/1494 1495/1495
f 1479/1479 1495/1495 1480/1480
f 1480/1480 1495/1495 1496/1496
f 1480/1480 1496/1496 1481/1481
f 1481/1481 1496/1496 1497/1497
f 1481/1481 1497/1497 1482/1482
f 1482/1482 1497/1497 1498/1498
f 1482/1482 1498/1498 1483/1483
f 1483/1483 1498/1498 1499/1499
f 1483/1483 1499/1499 1484/1484
f 1484/1484 1499/1499 1500/1500
f 1484/1484 1500/1500 1485/1485
f 1485/1485 1500/1500 1501/1501
f 1485/1485 1501/1501 1486/1486
f 1486/1486 1501/1501 1502/1502
f 1486/1486 1502/1502 1487/1487
f 1487/1487 1502/1502 1503/1503
f 1487/1487 1503/1503 1488/1488
f 1488/1488 1503/1503 1504/1504
f 1488/1488 1504/1504 1473/1473
f 1473/1473 1504/1504 1489/1489
f 1489/1489 1505/1505 1490/1490
f 1490/1490 1505/1505 1506/1506
f 1490/1490 1506/1506 1491/1491
f 1491/1491 1506/1506 1507/1507
f 1491/1491 1507/1507 1492/1492
f 1492/1492 1507/1507 1508/1508
f 1492/1492 1508/1508 1493/1493
f 1493/1493 1508/1508 1509/1509
f 1493/1493 1509/1509 1494/1494
f 1494/1494 1509/1509 1510/1510
f 1494/1494 1510/1510 1495/1495
f 1495/1495 1510/1510 1511/1511
f 1495/1495 1511/1511 1496/1496
f 1496/1496 1511/1511 1512/1512
f 1496/1496 1512/1512 1497/1497
f 1497/1497 1512/1512 1513/1513
f 1497/1497 1513/1513 1498/1498
f 1498/1498 1513/1513 1514/1514
f 1498/1498 1514/1514 1499/1499
f 1499/1499 1514/1514 1515/1515
f 1499/1499 1515/1515 1500/1500
f 1500/1500 1515/1515 1516/1516
f 1500/1500 1516/1516 1501/1501
f 1501/1501 1516/1516 1517/1517
f 1501/1501 1517/1517 1502/1502
f 1502/1502 1517/1517 1518/1518
f 1502/1502 1518/1518 1503/1503
f 1503/1503 1518/1518 1519/1519
f 1503/1503 1519/1519 1504/1504
f 1504/1504 1519/1519 1520/1520
f 1504/1504 1520/1520 1489/1489
f 1489/1489 1520/1520 1505/1505
f 1505/1505 1521/1521 1506/1506
f 1506/1506 1521/1521 1522/1522
f 1506/1506 1522/1522 1507/1507
f 1507/1507 1522/1522 1523/1523
f 1507/1507 1523/1523 1508/1508
f 1508/1508 1523/1523 1524/1524
f 1508/1508 1524/1524 1509/1509
f 1509/1509 1524/1524 1525/1525
f 1509/1509 1525/1525 1510/1510
f 1510/1510 1525/1525 1526/1526
f 1510/1510 1526/1526 1511/1511
f 1511/1511 1526/1526 1527/1527
f 1511/1511 1527/1527 1512/1512
f 1512/1512 1527/1527 1528/1528
f 1512/1512 1528/1528 1513/1513
f 1513/1513 1528/1528 1529/1529
f 1513/1513 1529/1529 1514/1514
f 1514/1514 1529/1529 1530/1530
f 1514/1514 1530/1530 1515/1515
f 1515/1515 1530/1530 1531/1531
f 1515/1515 1531/1531 1516/1516
f 1516/1516 1531/1531 1532/1532
f 1516/1516 1532/1532 1517/1517
f 1517/1517 1532/1532 1533/1533
f 1517/1517 1533/1533 1518/1518
f 1518/1518 1533/1533 1534/1534
f 1518/1518 1534/1534 1519/1519
f 1519/1519 1534/1534 1535/1535
f 1519/1519 1535/1535 1520/1520
f 1520/1520 1535/1535 1536/1536
f 1520/1520 1536/1536 1505/1505
f 1505/1505 1536/1536 1521/1521
f 1521/1521 1537/1537 1522/1522
f 1522/1522 1537/1537 1538/1538
f 1522/1522 1538/1538 1523/1523
f 1523/1523 1538/1538 1539/1539
f 1523/1523 1539/1539 1524/1524
f 1524/1524 1539/1539 1540/1540
f 1524/1524 1540/1540 1525/1525
f 1525/1525 1540/1540 1541/1541
f 1525/1525 1541/1541 1526/1526
f 1526/1526 1541/1541 1542/1542
f 1526/1526 1542/1542 1527/1527
f 1527/1527 1542/1542 1543/1543
f 1527/1527 1543/1543 1528/1528
f 1528/1528 1543/1543 1544/1544
f 1528/1528 1544/1544 1529/1529
f 1529/1529 1544/1544 1545/1545
f 1529/1529 1545/1545 1530/1530
f 1530/1530 1545/1545 1546/1546
f 1530/1530 1546/1546 1531/1531
f 1531/1531 1546/1546 1547/1547
f 1531/1531 1547/1547 1532/1532
f 1532/1532 1547/1547 1548/1548
f 1532/1532 1548/1548 1533/1533
f 1533/1533 1548/1548 1549/1549
f 1533/1533 1549/1549 1534/1534
f 1534/1534 1549/1549 1550/1550
f 1534/1534 1550/1550 1535/1535
f 1535/1535 1550/1550 1551/1551
f 1535/1535 1551/1551 1536/1536
f 1536/1536 1551/1551 1552/1552
f 1536/1536 1552/1552 1521/1521
f 1521/1521 1552/1552 1537/1537
f 1537/1537 1553/1553 1538/1538
f 1538/1538 1553/1553 1554/1554
f 1538/1538 1554/1554 1539/1539
f 1539/1539 1554/1554 1555/1555
f 1539/1539 1555/1555 1540/1540
f 1540/1540 1555/1555 1556/1556
f 1540/1540 1556/1556 1541/1541
f 1541/1541 1556/1556 1557/1557
f 1541/1541 1557/1557 1542/1542
f 1542/1542 1557/1557 1558/1558
f 1542/1542 1558/1558 1543/1543
f 1543/1543 1558/1558 1559/1559
f 1543/1543 1559/1559 1544/1544
f 1544/1544 1559/1559 1560/1560
f 1544/1544 1560/1560 1545/1545
f 1545/1545 1560/1560 1561/1561
f 1545/1545 1561/1561 1546/1546
f 1546/1546 1561/1561 1562/1562
f 1546/1546 1562/1562 1547/1547
f 1547/1547 1562/1562 1563/1563
f 1547/1547 1563/1563 1548/1548
f 1548/1548 1563/1563 1564/1564
f 1548/1548 1564/1564 1549/1549
f 1549/1549 1564/1564 1565/1565
f 1549/1549 1565/1565 1550/1550
f 1550/1550 1565/1565 1566/1566
f 1550/1550 1566/1566 1551/1551
f 1551/1551 1566/1566 1567/1567
f 1551/1551 1567/1567 1552/1552
f 1552/1552 1567/1567 1568/1568
f 1552/1552 1568/1568 1537/1537
f 1537/1537 1568/1568 1553/1553
f 1553/1553 1569/1569 1554/1554
f 1554/1554 1569/1569 1570/1570
f 1554/1554 1570/1570 1555/1555
f 1555/1555 1570/1570 1571/1571
f 1555/1555 1571/1571 1556/1556
f 1556/1556 1571/1571 1572/1572
f 1556/1556 1572/1572 1557/1557
f 1557/1557 1572/1572 1573/1573
f 1557/1557 1573/1573 1558/1558
f 1558/1558 1573/1573 1574/1574
f 1558/1558 1574/1574 1559/1559
f 1559/1559 1574/1574 1575/1575
f 1559/1559 1575/1575 1560/1560
f 1560/1560 1575/1575 1576/1576
f 1560/1560 1576/1576 1561/1561
f 1561/1561 1576/1576 1577/1577
f 1561/1561 1577/1577 1562/1562
f 1562/1562 1577/1577 1578/1578
f 1562/1562 1578/1578 1563/1563
f 1563/1563 1578/1578 1579/1579
f 1563/1563 1579/1579 1564/1564
f 1564/1564 1579/1579 1580/1580
f 1564/1564 1580/1580 1565/1565
f 1565/1565 1580/1580 1581/1581
f 1565/1565 1581/1581 1566/1566
f 1566/1566 1581/1581 1582/1582
f 1566/1566 1582/1582 1567/1567
f 1567/1567 1582/1582 1583/1583
f 1567/1567 1583/1583 1568/1568
f 1568/1568 1583/1583 1584/1584
f 1568/1568 1584/1584 1553/1553
f 1553/1553 1584/1584 1569/1569
f 1569/1569 1585/1585 1570/1570
f 1570/1570 1585/1585 1586/1586
f 1570/1570 1586/1586 1571/1571
f 1571/1571 1586/1586 1587/1587
f 1571/1571 1587/1587 1572/1572
f 1572/1572 1587/1587 1588/1588
f 1572/1572 1588/1588 1573/1573
f 1573/1573 1588/1588 1589/1589
f 1573/1573 1589/1589 1574/1574
f 1574/1574 1589/1589 1590/1590
f 1574/1574 1590/1590 1575/1575
f 1575/1575 1590/1590 1591/1591
f 1575/1575 1591/1591 1576/1576
f 1576/1576 1591/1591 1592/1592
f 1576/1576 1592/1592 1577/1577
f 1577/1577 1592/1592 1593/1593
f 1577/1577 1593/1593 1578/1578
f 1578/1578 1593/1593 1594/1594
f 1578/1578 1594/1594 1579/1579
f 1579/1579 1594/1594 1595/1595
f 1579/1579 1595/1595 1580/1580
f 1580/1580 1595/1595 1596/1596
f 1580/1580 1596/1596 1581/1581
f 1581/1581 1596/1596 1597/1597
f 1581/1581 1597/1597 1582/1582
f 1582/1582 1597/1597 1598/1598
f 1582/1582 1598/1598 1583/1583
f 1583/1583 1598/1598 1599/1599
f 1583/1583 1599/1599 1584/1584
f 1584/1584 1599/1599 1600/1600
f 1584/1584 1600/1600 1569/1569
f 1569/1569 1600/1600 1585/1585
f 1585/1585 1601/1601 1586/1586
f 1586/1586 1601/1601 1602/1602
f 1586/1586 1602/1602 1587/1587
f 1587/1587 1602/1602 1603/1603
f 1587/1587 1603/1603 1588/1588
f 1588/1588 1603/1603 1604/1604
f 1588/1588 1604/1604 1589/1589
f 1589/1589 1604/1604 1605/1605
f 1589/1589 1605/1605 1590/1590
f 1590/1590 1605/1605 1606/1606
f 1590/1590 1606/1606 1591/1591
f 1591/1591 1606/1606 1607/1607
f 1591/1591 1607/1607 1592/1592
f 1592/1592 1607/1607 1608/1608
f 1592/1592 1608/1608 1593/1593
f 1593/1593 1608/1608 1609/1609
f 1593/1593 1609/1609 1594/1594
f 1594/1594 1609/1609 1610/1610
f 1594/1594 1610/1610 1595/1595
f 1595/1595 1610/1610 1611/1611
f 1595/1595 1611/1611 1596/1596
f 1596/1596 1611/1611 1612/1612
f 1596/1596 1612/1612 1597/1597
f 1597/1597 1612/1612 1613/1613
f 1597/1597 1613/1613 1598/1598
f 1598/1598 1613/1613 1614/1614
f 1598/1598 1614/1614 1599/1599
f 1599/1599 1614/1614 1615/1615
f 1599/1599 1615/1615 1600/1600
f 1600/1600 1615/1615 1616/1616
f 1600/1600 1616/1616 1585/1585
f 1585/1585 1616/1616 1601/1601
f 1601/1601 1617/1617 1602/1602
f 1602/1602 1617/1617 1618/1618
f 1602/1602 1618/1618 1603/1603
f 1603/1603 1618/1618 1619/1619
f 1603/1603 1619/1619 1604/1604
f 1604/1604 1619/1619 1620/1620
f 1604/1604 1620/1620 1605/1605
f 1605/1605 1620/1620 1621/1621
f 1605/1605 1621/1621 1606/1606
f 1606/1606 1621/1621 1622/1622
f 1606/1606 1622/1622 1607/1607
f 1607/1607 1622/1622 1623/1623
f 1607/1607 1623/1623 1608/1608
f 1608/1608 1623/1623 1624/1624
f 1608/1608 1624/1624 1609/1609
f 1609/1609 1624/1624 1625/1625
f 1609/1609 1625/1625 1610/1610
f 1610/1610 1625/1625 1626/1626
f 1610/1610 1626/1626 1611/1611
f 1611/1611 1626/1626 1627/1627
f 1611/1611 1627/1627 1612/1612
f 1612/1612 1627/1627 1628/1628
f 1612/1612 1628/1628 1613/1613
f 1613/1613 1628/1628 1629/1629
f 1613/1613 1629/1629 1614/1614
f 1614/1614 1629/1629 1630/1630
f 1614/1614 1630/1630 1615/1615
f 1615/1615 1630/1630 1631/1631
f 1615/1615 1631/1631 1616/1616
f 1616/1616 1631/1631 1632/1632
f 1616/1616 1632/1632 1601/1601
f 1601/1601 1632/1632 1617/1617
f 1617/1617 1633/1633 1618/1618
f 1618/1618 1633/1633 1634/1634
f 1618/1618 1634/1634 1619/1619
f 1619/1619 1634/1634 1635/1635
f 1619/1619 1635/1635 1620/1620
f 1620/1620 1635/1635 1636/1636
f 1620/1620 1636/1636 1621/1621
f 1621/1621 1636/1636 1637/1637
f 1621/1621 1637/1637 1622/1622
f 1622/1622 1637/1637 1638/1638
f 1622/1622 1638/1638 1623/1623
f 1623/1623 1638/1638 1639/1639
f 1623/1623 1639/1639 1624/1624
f 1624/1624 1639/1639 1640/1640
f 1624/1624 1640/1640 1625/1625
f 1625/1625 1640/1640 1641/1641
f 1625/1625 1641/1641 1626/1626
f 1626/1626 1641/1641 1642/1642
f 1626/1626 1642/1642 1627/1627
f 1627/1627 1642/1642 1643/1643
f 1627/1627 1643/1643 1628/1628
f 1628/1628 1643/1643 1644/1644
f 1628/1628 1644/1644 1629/1629
f 1629/1629 1644/1644 1645/1645
f 1629/1629 1645/1645 1630/1630
f 1630/1630 1645/1645 1646/1646
f 1630/1630 1646/1646 1631/1631
f 1631/1631 1646/1646 1647/1647
f 1631/1631 1647/1647 1632/1632
f 1632/1632 1647/1647 1648/1648
f 1632/1632 1648/1648 1617/1617
f 1617/1617 1648/1648 1633/1633
f 1633/1633 1649/1649 1634/1634
f 1634/1634 1649/1649 1650/1650
f 1634/1634 1650/1650 1635/1635
f 1635/1635 1650/1650 1651/1651
f 1635/1635 1651/1651 1636/1636
f 1636/1636 1651/1651 1652/1652
f 1636/1636 1652/1652 1637/1637
f 1637/1637 1652/1652 1653/1653
f 1637/1637 1653/1653 1638/1638
f 1638/1638 1653/1653 1654/1654
f 1638/1638 1654/1654 1639/1639
f 1639/1639 1654/1654 1655/1655
f 1639/1639 1655/1655 1640/1640
f 1640/1640 1655/1655 1656/1656
f 1640/1640 1656/1656 1641/1641
f 1641/1641 1656/1656 1657/1657
f 1641/1641 1657/1657 1642/1642
f 1642/1642 1657/1657 1658/1658
f 1642/1642 1658/1658 1643/1643
f 1643/1643 1658/1658 1659/1659
f 1643/1643 1659/1659 1644/1644
f 1644/1644 1659/1659 1660/1660
f 1644/1644 1660/1660 1645/1645
f 1645/1645 1660/1660 1661/1661
f 1645/1645 1661/1661 1646/1646
f 1646/1646 1661/1661 1662/1662
f 1646/1646 1662/1662 1647/1647
f 1647/1647 1662/1662 1663/1663
f 1647/1647 1663/1663 1648/1648
f 1648/1648 1663/1663 1664/1664
f 1648/1648 1664/1664 1633/1633
f 1633/1633 1664/1664 1649/1649
f 1649/1649 1665/1665 1650/1650
f 1650/1650 1665/1665 1666/1666
f 1650/1650 1666/1666 1651/1651
f 1651/1651 1666/1666 1667/1667
f 1651/1651 1667/1667 1652/1652
f 1652/1652 1667/1667 1668/1668
f 1652/1652 1668/1668 1653/1653
f 1653/1653 1668/1668 1669/1669
f 1653/1653 1669/1669 1654/1654
f 1654/1654 1669/1669 1670/1670
f 1654/1654 1670/1670 1655/1655
f 1655/1655 1670/1670 1671/1671
f 1655/1655 1671/1671 1656/1656
f 1656/1656 1671/1671 1672/1672
f 1656/1656 1672/1672 1657/1657
f 1657/1657 1672/1672 1673/1673
f 1657/1657 1673/1673 1658/1658
f 1658/1658 1673/1673 1674/1674
f 1658/1658 1674/1674 1659/1659
f 1659/1659 1674/1674 1675/1675
f 1659/1659 1675/1675 1660/1660
f 1660/1660 1675/1675 1676/1676
f 1660/1660 1676/1676 1661/1661
f 1661/1661 1676/1676 1677/1677
f 1661/1661 1677/1677 1662/1662
f 1662/1662 1677/1677 1678/1678
f 1662/1662 1678/1678 1663/1663
f 1663/1663 1678/1678 1679/1679
f 1663/1663 1679/1679 1664/1664
f 1664/1664 1679/1679 1680/1680
f 1664/1664 1680/1680 1649/1649
f 1649/1649 1680/1680 1665/1665
f 1665/1665 1681/1681 1666/1666
f 1666/1666 1681/1681 1682/1682
f 1666/1666 1682/1682 1667/1667
f 1667/1667 1682/1682 1683/1683
f 1667/1667 1683/1683 1668/1668
f 1668/1668 1683/1683 1684/1684
f 1668/1668 1684/1684 1669/1669
f 1669/1669 1684/1684 1685/1685
f 1669/1669 1685/1685 1670/1670
f 1670/1670 1685/1685 1686/1686
f 1670/1670 1686/1686 1671/1671
f 1671/1671 1686/1686 1687/1687
f 1671/1671 1687/1687 1672/1672
f 1672/1672 1687/1687 1688/1688
f 1672/1672 1688/1688 1673/1673
f 1673/1673 1688/1688 1689/1689
f 1673/1673 1689/1689 1674/1674
f 1674/1674 1689/1689 1690/1690
f 1674/1674 1690/1690 1675/1675
f 1675/1675 1690/1690 1691/1691
f 1675/1675 1691/1691 1676/1676
f 1676/1676 1691/1691 1692/1692
f 1676/1676 1692/1692 1677/1677
f 1677/1677 1692/1692 1693/1693
f 1677/1677 1693/1693 1678/1678
f 1678/1678 1693/1693 1694/1694
f 1678/1678 1694/1694 1679/1679
f 1679/1679 1694/1694 1695/1695
f 1679/1679 1695/1695 1680/1680
f 1680/1680 1695/1695 1696/1696
f 1680/1680 1696/1696 1665/1665
f 1665/1665 1696/1696 1681/1681
f 1681/1681 1697/1697 1682/1682
f 1682/1682 1697/1697 1698/1698
f 1682/1682 1698/1698 1683/1683
f 1683/1683 1698/1698 1699/1699
f 1683/1683 1699/1699 1684/1684
f 1684/1684 1699/1699 1700/1700
f 1684/1684 1700/1700 1685/1685
f 1685/1685 1700/1700 1701/1701
f 1685/1685 1701/1701 1686/1686
f 1686/1686 1701/1701 1702/1702
f 1686/1686 1702/1702 1687/1687
f 1687/1687 1702/1702 1703/1703
f 1687/1687 1703/1703 1688/1688
f 1688/1688 1703/1703 1704/1704
f 1688/1688 1704/1704 1689/1689
f 1689/1689 1704/1704 1705/1705
f 1689/1689 1705/1705 1690/1690
f 1690/1690 1705/1705 1706/1706
f 1690/1690 1706/1706 1691/1691
f 1691/1691 1706/1706 1707/1707
f 1691/1691 1707/1707 1692/1692
f 1692/1692 1707/1707 1708/1708
f 1692/1692 1708/1708 1693/1693
f 1693/1693 1708/1708 1709/1709
f 1693/1693 1709/1709 1694/1694
f 1694/1694 1709/1709 1710/1710
f 1694/1694 1710/1710 1695/1695
f 1695/1695 1710/1710 1711/1711
f 1695/1695 1711/1711 1696/1696
f 1696/1696 1711/1711 1712/1712
f 1696/1696 1712/1712 1681/1681
f 1681/1681 1712/1712 1697/1697
f 1697/1697 1713/1713 1698/1698
f 1698/1698 1713/1713 1714/1714
f 1698/1698 1714/1714 1699/1699
f 1699/1699 1714/1714 1715/1715
f 1699/1699 1715/1715 1700/1700
f 1700/1700 1715/1715 1716/1716
f 1700/1700 1716/1716 1701/1701
f 1701/1701 1716/1716 1717/1717
f 1701/1701 1717/1717 1702/1702
f 1702/1702 1717/1717 1718/1718
f 1702/1702 1718/1718 1703/1703
f 1703/1703 1718/1718 1719/1719
f 1703/1703 1719/1719 1704/1704
f 1704/1704 1719/1719 1720/1720
f 1704/1704 1720/1720 1705/1705
f 1705/1705 1720/1720 1721/1721
f 1705/1705 1721/1721 1706/1706
f 1706/1706 1721/1721 1722/1722
f 1706/1706 1722/1722 1707/1707
f 1707/1707 1722/1722 1723/1723
f 1707/1707 1723/1723 1708/1708
f 1708/1708 1723/1723 1724/1724
f 1708/1708 1724/1724 1709/1709
f 1709/1709 1724/1724 1725/1725
f 1709/1709 1725/1725 1710/1710
f 1710/1710 1725/1725 1726/1726
f 1710/1710 1726/1726 1711/1711
f 1711/1711 1726/1726 1727/1727
f 1711/1711 1727/1727 1712/1712
f 1712/1712 1727/1727 1728/1728
f 1712/1712 1728/1728 1697/1697
f 1697/1697 1728/1728 1713/1713
f 1713/1713 1729/1729 1714/1714
f 1714/1714 1729/1729 1730/1730
f 1714/1714 1730/1730 1715/1715
f 1715/1715 1730/1730 1731/1731
f 1715/1715 1731/1731 1716/1716
f 1716/1716 1731/1731 1732/1732
f 1716/1716 1732/1732 1717/1717
f 1717/1717 1732/1732 1733/1733
f 1717/1717 1733/1733 1718/1718
f 1718/1718 1733/1733 1734/1734
f 1718/1718 1734/1734 1719/1719
f 1719/1719 1734/1734 1735/1735
f 1719/1719 1735/1735 1720/1720
f 1720/1720 1735/1735 1736/1736
f 1720/1720 1736/1736 1721/1721
f 1721/1721 1736/1736 1737/1737
f 1721/1721 1737/1737 1722/1722
f 1722/1722 1737/1737 1738/1738
f 1722/1722 1738/1738 1723/1723
f 1723/1723 1738/1738 1739/1739
f 1723/1723 1739/1739 1724/1724
f 1724/1724 1739/1739 1740/1740
f 1724/1724 1740/1740 1725/1725
f 1725/1725 1740/1740 1741/1741
f 1725/1725 1741/1741 1726/1726
f 1726/1726 1741/1741 1742/1742
f 1726/1726 1742/1742 1727/1727
f 1727/1727 1742/1742 1743/1743
f 1727/1727 1743/1743 1728/1728
f 1728/1728 1743/1743 1744/1744
f 1728/1728 1744/1744 1713/1713
f 1713/1713 1744/1744 1729/1729
f 1729/1729 1745/1745 1730/1730
f 1730/1730 1745/1745 1746/1746
f 1730/1730 1746/1746 1731/1731
f 1731/1731 1746/1746 1747/1747
f 1731/1731 1747/1747 1732/1732
f 1732/1732 1747/1747 1748/1748
f 1732/1732 1748/1748 1733/1733
f 1733/1733 1748/1748 1749/1749
f 1733/1733 1749/1749 1734/1734
f 1734/1734 1749/1749 1750/1750
f 1734/1734 1750/1750 1735/1735
f 1735/1735 1750/1750 1751/1751
f 1735/1735 1751/1751 1736/1736
f 1736/1736 1751/1751 1752/1752
f 1736/1736 1752/1752 1737/1737
f 1737/1737 1752/1752 1753/1753
f 1737/1737 1753/1753 1738/1738
f 1738/1738 1753/1753 1754/1754
f 1738/1738 1754/1754 1739/1739
f 1739/1739 1754/1754 1755/1755
f 1739/1739 1755/1755 1740/1740
f 1740/1740 1755/1755 1756/1756
f 1740/1740 1756/1756 1741/1741
f 1741/1741 1756/1756 1757/1757
f 1741/1741 1757/1757 1742/1742
f 1742/1742 1757/1757 1758/1758
f 1742/1742 1758/1758 1743/1743
f 1743/1743 1758/1758 1759/1759
f 1743/1743 1759/1759 1744/1744
f 1744/1744 1759/1759 1760/1760
f 1744/1744 1760/1760 1729/1729
f 1729/1729 1760/1760 1745/1745
f 1745/1745 1761/1761 1746/1746
f 1746/1746 1761/1761 1762/1762
f 1746/1746 1762/1762 1747/1747
f 1747/1747 1762/1762 1763/1763
f 1747/1747 1763/1763 1748/1748
f 1748/1748 1763/1763 1764/1764
f 1748/1748 1764/1764 1749/1749
f 1749/1749 1764/1764 1765/1765
f 1749/1749 1765/1765 1750/1750
f 1750/1750 1765/1765 1766/1766
f 1750/1750 1766/1766 1751/1751
f 1751/1751 1766/1766 1767/1767
f 1751/1751 1767/1767 1752/1752
f 1752/1752 1767/1767 1768/1768
f 1752/1752 1768/1768 1753/1753
f 1753/1753 1768/1768 1769/1769
f 1753/1753 1769/1769 1754/1754
f 1754/1754 1769/1769 1770/1770
f 1754/1754 1770/1770 1755/1755
f 1755/1755 1770/1770 1771/1771
f 1755/1755 1771/1771 1756/1756
f 1756/1756 1771/1771 1772/1772
f 1756/1756 1772/1772 1757/1757
f 1757/1757 1772/1772 1773/1773
f 1757/1757 1773/1773 1758/1758
f 1758/1758 1773/1773 1774/1774
f 1758/1758 1774/1774 1759/1759
f 1759/1759 1774/1774 1775/1775
f 1759/1759 1775/1775 1760/1760
f 1760/1760 1775/1775 1776/1776
f 1760/1760 1776/1776 1745/1745
f 1745/1745 1776/1776 1761/1761
f 1761/1761 1777/1777 1762/1762
f 1762/1762 1777/1777 1778/1778
f 1762/1762 1778/1778 1763/1763
f 1763/1763 1778/1778 1779/1779
f 1763/1763 1779/1779 1764/1764
f 1764/1764 1779/1779 1780/1780
f 1764/1764 1780/1780 1765/1765
f 1765/1765 1780/1780 1781/1781
f 1765/1765 1781/1781 1766/1766
f 1766/1766 1781/1781 1782/1782
f 1766/1766 1782/1782 1767/1767
f 1767/1767 1782/1782 1783/1783
f 1767/1767 1783/1783 1768/1768
f 1768/1768 1783/1783 1784/1784
f 1768/1768 1784/1784 1769/1769
f 1769/1769 1784/1784 1785/1785
f 1769/1769 1785/1785 1770/1770
f 1770/1770 1785/1785 1786/1786
f 1770/1770 1786/1786 1771/1771
f 1771/1771 1786/1786 1787/1787
f 1771/1771 1787/1787 1772/1772
f 1772/1772 1787/1787 1788/1788
f 1772/1772 1788/1788 1773/1773
f 1773/1773 1788/1788 1789/1789
f 1773/1773 1789/1789 1774/1774
f 1774/1774 1789/1789 1790/1790
f 1774/1774 1790/1790 1775/1775
f 1775/1775 1790/1790 1791/1791
f 1775/1775 1791/1791 1776/1776
f 1776/1776 1791/1791 1792/1792
f 1776/1776 1792/1792 1761/1761
f 1761/1761 1792/1792 1777/1777
f 1777/1777 1793/1793 1778/1778
f 1778/1778 1793/1793 1794/1794
f 1778/1778 1794/1794 1779/1779
f 1779/1779 1794/1794 1795/1795
f 1779/1779 1795/1795 1780/1780
f 1780/1780 1795/1795 1796/1796
f 1780/1780 1796/1796 1781/1781
f 1781/1781 1796/1796 1797/1797
f 1781/1781 1797/1797 1782/1782
f 1782/1782 1797/1797 1798/1798
f 1782/1782 1798/1798 1783/1783
f 1783/1783 1798/1798 1799/1799
f 1783/1783 1799/1799 1784/1784
f 1784/1784 1799/1799 1800/1800
f 1784/1784 1800/1800 1785/1785
f 1785/1785 1800/1800 1801/1801
f 1785/1785 1801/1801 1786/1786
f 1786/1786 1801/1801 1802/1802
f 1786/1786 1802/1802 1787/1787
f 1787/1787 1802/1802 1803/1803
f 1787/1787 1803/1803 1788/1788
f 1788/1788 1803/1803 1804/1804
f 1788/1788 1804/1804 1789/1789
f 1789/1789 1804/1804 1805/1805
f 1789/1789 1805/1805 1790/1790
f 1790/1790 1805/1805 1806/1806
f 1790/1790 1806/1806 1791/1791
f 1791/1791 1806/1806 1807/1807
f 1791/1791 1807/1807 1792/1792
f 1792/1792 1807/1807 1808/1808
f 1792/1792 1808/1808 1777/1777
f 1777/1777 1808/1808 1793/1793
f 1793/1793 1809/1809 1794/1794
f 1794/1794 1809/1809 1810/1810
f 1794/1794 1810/1810 1795/1795
f 1795/1795 1810/1810 1811/1811
f 1795/1795 1811/1811 1796/1796
f 1796/1796 1811/1811 1812/1812
f 1796/1796 1812/1812 1797/1797
f 1797/1797 1812/1812 1813/1813
f 1797/1797 1813/1813 1798/1798
f 1798/1798 1813/1813 1814/1814
f 1798/1798 1814/1814 1799/1799
f 1799/1799 1814/1814 1815/1815
f 1799/1799 1815/1815 1800/1800
f 1800/1800 1815/1815 1816/1816
f 1800/1800 1816/1816 1801/1801
f 1801/1801 1816/1816 1817/1817
f 1801/1801 1817/1817 1802/1802
f 1802/1802 1817/1817 1818/1818
f 1802/1802 1818/1818 1803/1803
f 1803/1803 1818/1818 1819/1819
f 1803/1803 1819/1819 1804/1804
f 1804/1804 1819/1819 1820/1820
f 1804/1804 1820/1820 1805/1805
f 1805/1805 1820/1820 1821/1821
f 1805/1805 1821/1821 1806/1806
f 1806/1806 1821/1821 1822/1822
f 1806/1806 1822/1822 1807/1807
f 1807/1807 1822/1822 1823/1823
f 1807/1807 1823/1823 1808/1808
f 1808/1808 1823/1823 1824/1824
f 1808/1808 1824/1824 1793/1793
f 1793/1793 1824/1824 1809/1809
f 1809/1809 1825/1825 1810/1810
f 1810/1810 1825/1825 1826/1826
f 1810/1810 1826/1826 1811/1811
f 1811/1811 1826/1826 1827/1827
f 1811/1811 1827/1827 1812/1812
f 1812/1812 1827/1827 1828/1828
f 1812/1812 1828/1828 1813/1813
f 1813/1813 1828/1828 1829/1829
f 1813/1813 1829/1829 1814/1814
f 1814/1814 1829/1829 1830/1830
f 1814/1814 1830/1830 1815/1815
f 1815/1815 1830/1830 1831/1831
f 1815/1815 1831/1831 1816/1816
f 1816/1816 1831/1831 1832/1832
f 1816/1816 1832/1832 1817/1817
f 1817/1817 1832/1832 1833/1833
f 1817/1817 1833/1833 1818/1818
f 1818/1818 1833/1833 1834/1834
f 1818/1818 1834/1834 1819/1819
f 1819/1819 1834/1834 1835/1835
f 1819/1819 1835/1835 1820/1820
f 1820/1820 1835/1835 1836/1836
f 1820/1820 1836/1836 1821/1821
f 1821/1821 1836/1836 1837/1837
f 1821/1821 1837/1837 1822/1822
f 1822/1822 1837/1837 1838/1838
f 1822/1822 1838/1838 1823/1823
f 1823/1823 1838/1838 1839/1839
f 1823/1823 1839/1839 1824/1824
f 1824/1824 1839/1839 1840/1840
f 1824/1824 1840/1840 1809/1809
f 1809/1809 1840/1840 1825/1825
f 1825/1825 1841/1841 1826/1826
f 1826/1826 1841/1841 1842/1842
f 1826/1826 1842/1842 1827/1827
f 1827/1827 1842/1842 1843/1843
f 1827/1827 1843/1843 1828/1828
f 1828/1828 1843/1843 1844/1844
f 1828/1828 1844/1844 1829/1829
f 1829/1829 1844/1844 1845/1845
f 1829/1829 1845/1845 1830/1830
f 1830/1830 1845/1845 1846/1846
f 1830/1830 1846/1846 1831/1831
f 1831/1831 1846/1846 1847/1847
f 1831/1831 1847/1847 1832/1832
f 1832/1832 1847/1847 1848/1848
f 1832/1832 1848/1848 1833/1833
f 1833/1833 1848/1848 1849/1849
f 1833/1833 1849/1849 1834/1834
f 1834/1834 1849/1849 1850/1850
f 1834/1834 1850/1850 1835/1835
f 1835/1835 1850/1850 1851/1851
f 1835/1835 1851/1851 1836/1836
f 1836/1836 1851/1851 1852/1852
f 1836/1836 1852/1852 1837/1837
f 1837/1837 1852/1852 1853/1853
f 1837/1837 1853/1853 1838/1838
f 1838/1838 1853/1853 1854/1854
f 1838/1838 1854/1854 1839/1839
f 1839/1839 1854/1854 1855/1855
f 1839/1839 1855/1855 1840/1840
f 1840/1840 1855/1855 1856/1856
f 1840/1840 1856/1856 1825/1825
f 1825/1825 1856/1856 1841/1841
f 1841/1841 1857/1857 1842/1842
f 1842/1842 1857/1857 1858/1858
f 1842/1842 1858/1858 1843/1843
f 1843/1843 1858/1858 1859/1859
f 1843/1843 1859/1859 1844/1844
f 1844/1844 1859/1859 1860/1860
f 1844/1844 1860/1860 1845/1845
f 1845/1845 1860/1860 1861/1861
f 1845/1845 1861/1861 1846/1846
f 1846/1846 1861/1861 1862/1862
f 1846/1846 1862/1862 1847/1847
f 1847/1847 1862/1862 1863/1863
f 1847/1847 1863/1863 1848/1848
f 1848/1848 1863/1863 1864/1864
f 1848/1848 1864/1864 1849/1849
f 1849/1849 1864/1864 1865/1865
f 1849/1849 1865/1865 1850/1850
f 1850/1850 1865/1865 1866/1866
f 1850/1850 1866/1866 1851/1851
f 1851/1851 1866/1866 1867/1867
f 1851/1851 1867/1867 1852/1852
f 1852/1852 1867/1867 1868/1868
f 1852/1852 1868/1868 1853/1853
f 1853/1853 1868/1868 1869/1869
f 1853/1853 1869/1869 1854/1854
f 1854/1854 1869/1869 1870/1870
f 1854/1854 1870/1870 1855/1855
f 1855/1855 1870/1870 1871/1871
f 1855/1855 1871/1871 1856/1856
f 1856/1856 1871/1871 1872/1872
f 1856/1856 1872/1872 1841/1841
f 1841/1841 1872/1872 1857/1857
f 1857/1857 1873/1873 1858/1858
f 1858/1858 1873/1873 1874/1874
f 1858/1858 1874/1874 1859/1859
f 1859/1859 1874/1874 1875/1875
f 1859/1859 1875/1875 1860/1860
f 1860/1860 1875/1875 1876/1876
f 1860/1860 1876/1876 1861/1861
f 1861/1861 1876/1876 1877/1877
f 1861/1861 1877/1877 1862/1862
f 1862/1862 1877/1877 1878/1878
f 1862/1862 1878/1878 1863/1863
f 1863/1863 1878/1878 1879/1879
f 1863/1863 1879/1879 1864/1864
f 1864/1864 1879/1879 1880/1880
f 1864/1864 1880/1880 1865/1865
f 1865/1865 1880/1880 1881/1881
f 1865/1865 1881/1881 1866/1866
f 1866/1866 1881/1881 1882/1882
f 1866/1866 1882/1882 1867/1867
f 1867/1867 1882/1882 1883/1883
f 1867/1867 1883/1883 1868/1868
f 1868/1868 1883/1883 1884/1884
f 1868/1868 1884/1884 1869/1869
f 1869/1869 1884/1884 1885/1885
f 1869/1869 1885/1885 1870/1870
f 1870/1870 1885/1885 1886/1886
f 1870/1870 1886/1886 1871/1871
f 1871/1871 1886/1886 1887/1887
f 1871/1871 1887/1887 1872/1872
f 1872/1872 1887/1887 1888/1888
f 1872/1872 1888/1888 1857/1857
f 1857/1857 1888/1888 1873/1873
f 1873/1873 1889/1889 1874/1874
f 1874/1874 1889/1889 1890/1890
f 1874/1874 1890/1890 1875/1875
f 1875/1875 1890/1890 1891/1891
f 1875/1875 1891/1891 1876/1876
f 1876/1876 1891/1891 1892/1892
f 1876/1876 1892/1892 1877/1877
f 1877/1877 1892/1892 1893/1893
f 1877/1877 1893/1893 1878/1878
f 1878/1878 1893/1893 1894/1894
f 1878/1878 1894/1894 1879/1879
f 1879/1879 1894/1894 1895/1895
f 1879/1879 1895/1895 1880/1880
f 1880/1880 1895/1895 1896/1896
f 1880/1880 1896/1896 1881/1881
f 1881/1881 1896/1896 1897/1897
f 1881/1881 1897/1897 1882/1882
f 1882/1882 1897/1897 1898/1898
f 1882/1882 1898/1898 1883/1883
f 1883/1883 1898/1898 1899/1899
f 1883/1883 1899/1899 1884/1884
f 1884/1884 1899/1899 1900/1900
f 1884/1884 1900/1900 1885/1885
f 1885/1885 1900/1900 1901/1901
f 1885/1885 1901/1901 1886/1886
f 1886/1886 1901/1901 1902/1902
f 1886/1886 1902/1902 1887/1887
f 1887/1887 1902/1902 1903/1903
f 1887/1887 1903/1903 1888/1888
f 1888/1888 1903/1903 1904/1904
f 1888/1888 1904/1904 1873/1873
f 1873/1873 1904/1904 1889/1889
f 1889/1889 1905/1905 1890/1890
f 1890/1890 1905/1905 1906/1906
f 1890/1890 1906/1906 1891/1891
f 1891/1891 1906/1906 1907/1907
f 1891/1891 1907/1907 1892/1892
f 1892/1892 1907/1907 1908/1908
f 1892/1892 1908/1908 1893/1893
f 1893/1893 1908/1908 1909/1909
f 1893/1893 1909/1909 1894/1894
f 1894/1894 1909/1909 1910/1910
f 1894/1894 1910/1910 1895/1895
f 1895/1895 1910/1910 1911/1911
f 1895/1895 1911/1911 1896/1896
f 1896/1896 1911/1911 1912/1912
f 1896/1896 1912/1912 1897/1897
f 1897/1897 1912/1912 1913/1913
f 1897/1897 1913/1913 1898/1898
f 1898/1898 1913/1913 1914/1914
f 1898/1898 1914/1914 1899/1899
f 1899/1899 1914/1914 1915/1915
f 1899/1899 1915/1915 1900/1900
f 1900/1900 1915/1915 1916/1916
f 1900/1900 1916/1916 1901/1901
f 1901/1901 1916/1916 1917/1917
f 1901/1901 1917/1917 1902/1902
f 1902/1902 1917/1917 1918/1918
f 1902/1902 1918/1918 1903/1903
f 1903/1903 1918/1918 1919/1919
f 1903/1903 1919/1919 1904/1904
f 1904/1904 1919/1919 1920/1920
f 1904/1904 1920/1920 1889/1889
f 1889/1889 1920/1920 1905/1905
f 1905/1905 1921/1921 1906/1906
f 1906/1906 1921/1921 1922/1922
f 1906/1906 1922/1922 1907/1907
f 1907/1907 1922/1922 1923/1923
f 1907/1907 1923/1923 1908/1908
f 1908/1908 1923/1923 1924/1924
f 1908/1908 1924/1924 1909/1909
f 1909/1909 1924/1924 1925/1925
f 1909/1909 1925/1925 1910/1910
f 1910/1910 1925/1925 1926/1926
f 1910/1910 1926/1926 1911/1911
f 1911/1911 1926/1926 1927/1927
f 1911/1911 1927/1927 1912/1912
f 1912/1912 1927/1927 1928/1928
f 1912/1912 1928/1928 1913/1913
f 1913/1913 1928/1928 1929/1929
f 1913/1913 1929/1929 1914/1914
f 1914/1914 1929/1929 1930/1930
f 1914/1914 1930/1930 1915/1915
f 1915/1915 1930/1930 1931/1931
f 1915/1915 1931/1931 1916/1916
f 1916/1916 1931/1931 1932/1932
f 1916/1916 1932/1932 1917/1917
f 1917/1917 1932/1932 1933/1933
f 1917/1917 1933/1933 1918/1918
f 1918/1918 1933/1933 1934/1934
f 1918/1918 1934/1934 1919/1919
f 1919/1919 1934/1934 1935/1935
f 1919/1919 1935/1935 1920/1920
f 1920/1920 1935/1935 1936/1936
f 1920/1920 1936/1936 1905/1905
f 1905/1905 1936/1936 1921/1921
f 1921/1921 1937/1937 1922/1922
f 1922/1922 1937/1937 1938/1938
f 1922/1922 1938/1938 1923/1923
f 1923/1923 1938/1938 1939/1939
f 1923/1923 1939/1939 1924/1924
f 1924/1924 1939/1939 1940/1940
f 1924/1924 1940/1940 1925/1925
f 1925/1925 1940/1940 1941/1941
f 1925/1925 1941/1941 1926/1926
f 1926/1926 1941/1941 1942/1942
f 1926/1926 1942/1942 1927/1927
f 1927/1927 1942/1942 1943/1943
f 1927/1927 1943/1943 1928/1928
f 1928/1928 1943/1943 1944/1944
f 1928/1928 1944/1944 1929/1929
f 1929/1929 1944/1944 1945/1945
f 1929/1929 1945/1945 1930/1930
f 1930/1930 1945/1945 1946/1946
f 1930/1930 1946/1946 1931/1931
f 1931/1931 1946/1946 1947/1947
f 1931/1931 1947/1947 1932/1932
f 1932/1932 1947/1947 1948/1948
f 1932/1932 1948/1948 1933/1933
f 1933/1933 1948/1948 1949/1949
f 1933/1933 1949/1949 1934/1934
f 1934/1934 1949/1949 1950/1950
f 1934/1934 1950/1950 1935/1935
f 1935/1935 1950/1950 1951/1951
f 1935/1935 1951/1951 1936/1936
f 1936/1936 1951/1951 1952/1952
f 1936/1936 1952/1952 1921/1921
f 1921/1921 1952/1952 1937/1937
f 1937/1937 1953/1953 1938/1938
f 1938/1938 1953/1953 1954/1954
f 1938/1938 1954/1954 1939/1939
f 1939/1939 1954/1954 1955/1955
f 1939/1939 1955/1955 1940/1940
f 1940/1940 1955/1955 1956/1956
f 1940/1940 1956/1956 1941/1941
f 1941/1941 1956/1956 1957/1957
f 1941/1941 1957/1957 1942/1942
f 1942/1942 1957/1957 1958/1958
f 1942/1942 1958/1958 1943/1943
f 1943/1943 1958/1958 1959/1959
f 1943/1943 1959/1959 1944/1944
f 1944/1944 1959/1959 1960/1960
f 1944/1944 1960/1960 1945/1945
f 1945/1945 1960/1960 1961/1961
f 1945/1945 1961/1961 1946/1946
f 1946/1946 1961/1961 1962/1962
f 1946/1946 1962/1962 1947/1947
f 1947/1947 1962/1962 1963/1963
f 1947/1947 1963/1963 1948/1948
f 1948/1948 1963/1963 1964/1964
f 1948/1948 1964/1964 1949/1949
f 1949/1949 1964/1964 1965/1965
f 1949/1949 1965/1965 1950/1950
f 1950/1950 1965/1965 1966/1966
f 1950/1950 1966/1966 1951/1951
f 1951/1951 1966/1966 1967/1967
f 1951/1951 1967/1967 1952/1952
f 1952/1952 1967/1967 1968/1968
f 1952/1952 1968/1968 1937/1937
f 1937/1937 1968/1968 1953/1953
f 1953/1953 1969/1969 1954/1954
f 1954/1954 1969/1969 1970/1970
f 1954/1954 1970/1970 1955/1955
f 1955/1955 1970/1970 1971/1971
f 1955/1955 1971/1971 1956/1956
f 1956/1956 1971/1971 1972/1972
f 1956/1956 1972/1972 1957/1957
f 1957/1957 1972/1972 1973/1973
f 1957/1957 1973/1973 1958/1958
f 1958/1958 1973/1973 1974/1974
f 1958/1958 1974/1974 1959/1959
f 1959/1959 1974/1974 1975/1975
f 1959/1959 1975/1975 1960/1960
f 1960/1960 1975/1975 1976/1976
f 1960/1960 1976/1976 1961/1961
f 1961/1961 1976/1976 1977/1977
f 1961/1961 1977/1977 1962/1962
f 1962/1962 1977/1977 1978/1978
f 1962/1962 1978/1978 1963/1963
f 1963/1963 1978/1978 1979/1979
f 1963/1963 1979/1979 1964/1964
f 1964/1964 1979/1979 1980/1980
f 1964/1964 1980/1980 1965/1965
f 1965/1965 1980/1980 1981/1981
f 1965/1965 1981/1981 1966/1966
f 1966/1966 1981/1981 1982/1982
f 1966/1966 1982/1982 1967/1967
f 1967/1967 1982/1982 1983/1983
f 1967/1967 1983/1983 1968/1968
f 1968/1968 1983/1983 1984/1984
f 1968/1968 1984/1984 1953/1953
f 1953/1953 1984/1984 1969/1969
f 1969/1969 1985/1985 1970/1970
f 1970/1970 1985/1985 1986/1986
f 1970/1970 1986/1986 1971/1971
f 1971/1971 1986/1986 1987/1987
f 1971/1971 1987/1987 1972/1972
f 1972/1972 1987/1987 1988/1988
f 1972/1972 1988/1988 1973/1973
f 1973/1973 1988/1988 1989/1989
f 1973/1973 1989/1989 1974/1974
f 1974/1974 1989/1989 1990/1990
f 1974/1974 1990/1990 1975/1975
f 1975/1975 1990/1990 1991/1991
f 1975/1975 1991/1991 1976/1976
f 1976/1976 1991/1991 1992/1992
f 1976/1976 1992/1992 1977/1977
f 1977/1977 1992/1992 1993/1993
f 1977/1977 1993/1993 1978/1978
f 1978/1978 1993/1993 1994/1994
f 1978/1978 1994/1994 1979/1979
f 1979/1979 1994/1994 1995/1995
f 1979/1979 1995/1995 1980/1980
f 1980/1980 1995/1995 1996/1996
f 1980/1980 1996/1996 1981/1981
f 1981/1981 1996/1996 1997/1997
f 1981/1981 1997/1997 1982/1982
f 1982/1982 1997/1997 1998/1998
f 1982/1982 1998/1998 1983/1983
f 1983/1983 1998/1998 1999/1999
f 1983/1983 1999/1999 1984/1984
f 1984/1984 1999/1999 2000/2000
f 1984/1984 2000/2000 1969/1969
f 1969/1969 2000/2000 1985/1985
f 1985/1985 2001/2001 1986/1986
f 1986/1986 2001/2001 2002/2002
f 1986/1986 2002/2002 1987/1987
f 1987/1987 2002/2002 2003/2003
f 1987/1987 2003/2003 1988/1988
f 1988/1988 2003/2003 2004/2004
f 1988/1988 2004/2004 1989/1989
f 1989/1989 2004/2004 2005/2005
f 1989/1989 2005/2005 1990/1990
f 1990/1990 2005/2005 2006/2006
f 1990/1990 2006/2006 1991/1991
f 1991/1991 2006/2006 2007/2007
f 1991/1991 2007/2007 1992/1992
f 1992/1992 2007/2007 2008/2008
f 1992/1992 2008/2008 1993/1993
f 1993/1993 2008/2008 2009/2009
f 1993/1993 2009/2009 1994/1994
f 1994/1994 2009/2009 2010/2010
f 1994/1994 2010/2010 1995/1995
f 1995/1995 2010/2010 2011/2011
f 1995/1995 2011/2011 1996/1996
f 1996/1996 2011/2011 2012/2012
f 1996/1996 2012/2012 1997/1997
f 1997/1997 2012/2012 2013/2013
f 1997/1997 2013/2013 1998/1998
f 1998/1998 2013/2013 2014/2014
f 1998/1998 2014/2014 1999/1999
f 1999/1999 2014/2014 2015/2015
f 1999/1999 2015/2015 2000/2000
f 2000/2000 2015/2015 2016/2016
f 2000/2000 2016/2016 1985/1985
f 1985/1985 2016/2016 2001/2001
f 2001/2001 2017/2017 2002/2002
f 2002/2002 2017/2017 2018/2018
f 2002/2002 2018/2018 2003/2003
f 2003/2003 2018/2018 2019/2019
f 2003/2003 2019/2019 2004/2004
f 2004/2004 2019/2019 2020/2020
f 2004/2004 2020/2020 2005/2005
f 2005/2005 2020/2020 2021/2021
f 2005/2005 2021/2021 2006/2006
f 2006/2006 2021/2021 2022/2022
f 2006/2006 2022/2022 2007/2007
f 2007/2007 2022/2022 2023/2023
f 2007/2007 2023/2023 2008/2008
f 2008/2008 2023/2023 2024/2024
f 2008/2008 2024/2024 2009/2009
f 2009/2009 2024/2024 2025/2025
f 2009/2009 2025/2025 2010/2010
f 2010/2010 2025/2025 2026/2026
f 2010/2010 2026/2026 2011/2011
f 2011/2011 2026/2026 2027/2027
f 2011/2011 2027/2027 2012/2012
f 2012/2012 2027/2027 2028/2028
f 2012/2012 2028/2028 2013/2013
f 2013/2013 2028/2028 2029/2029
f 2013/2013 2029/2029 2014/2014
f 2014/2014 2029/2029 2030/2030
f 2014/2014 2030/2030 2015/2015
f 2015/2015 2030/2030 2031/2031
f 2015/2015 2031/2031 2016/2016
f 2016/2016 2031/2031 2032/2032
f 2016/2016 2032/2032 2001/2001
f 2001/2001 2032/2032 2017/2017
f 2017/2017 2033/2033 2018/2018
f 2018/2018 2033/2033 2034/2034
f 2018/2018 2034/2034 2019/2019
f 2019/2019 2034/2034 2035/2035
f 2019/2019 2035/2035 2020/2020
f 2020/2020 2035/2035 2036/2036
f 2020/2020 2036/2036 2021/2021
f 2021/2021 2036/2036 2037/2037
f 2021/2021 2037/2037 2022/2022
f 2022/2022 2037/2037 2038/2038
f 2022/2022 2038/2038 2023/2023
f 2023/2023 2038/2038 2039/2039
f 2023/2023 2039/2039 2024/2024
f 2024/2024 2039/2039 2040/2040
f 2024/2024 2040/2040 2025/2025
f 2025/2025 2040/2040 2041/2041
f 2025/2025 2041/2041 2026/2026
f 2026/2026 2041/2041 2042/2042
f 2026/2026 2042/2042 2027/2027
f 2027/2027 2042/2042 2043/2043
f 2027/2027 2043/2043 2028/2028
f 2028/2028 2043/2043 2044/2044
f 2028/2028 2044/2044 2029/2029
f 2029/2029 2044/2044 2045/2045
f 2029/2029 2045/2045 2030/2030
f 2030/2030 2045/2045 2046/2046
f 2030/2030 2046/2046 2031/2031
f 2031/2031 2046/2046 2047/2047
f 2031/2031 2047/2047 2032/2032
f 2032/2032 2047/2047 2048/2048
f 2032/2032 2048/2048 2017/2017
f 2017/2017 2048/2048 2033/2033
f 2033/2033 2049/2049 2034/2034
f 2034/2034 2049/2049 2050/2050
f 2034/2034 2050/2050 2035/2035
f 2035/2035 2050/2050 2051/2051
f 2035/2035 2051/2051 2036/2036
f 2036/2036 2051/2051 2052/2052
f 2036/2036 2052/2052 2037/2037
f 2037/2037 2052/2052 2053/2053
f 2037/2037 2053/2053 2038/2038
f 2038/2038 2053/2053 2054/2054
f 2038/2038 2054/2054 2039/2039
f 2039/2039 2054/2054 2055/2055
f 2039/2039 2055/2055 2040/2040
f 2040/2040 2055/2055 2056/2056
f 2040/2040 2056/2056 2041/2041
f 2041/2041 2056/2056 2057/2057
f 2041/2041 2057/2057 2042/2042
f 2042/2042 2057/2057 2058/2058
f 2042/2042 2058/2058 2043/2043
f 2043/2043 2058/2058 2059/2059
f 2043/2043 2059/2059 2044/2044
f 2044/2044 2059/2059 2060/2060
f 2044/2044 2060/2060 2045/2045
f 2045/2045 2060/2060 2061/2061
f 2045/2045 2061/2061 2046/2046
f 2046/2046 2061/2061 2062/2062
f 2046/2046 2062/2062 2047/2047
f 2047/2047 2062/2062 2063/2063
f 2047/2047 2063/2063 2048/2048
f 2048/2048 2063/2063 2064/2064
f 2048/2048 2064/2064 2033/2033
f 2033/2033 2064/2064 2049/2049
f 2049/2049 2065/2065 2050/2050
f 2050/2050 2065/2065 2066/2066
f 2050/2050 2066/2066 2051/2051
f 2051/2051 2066/2066 2067/2067
f 2051/2051 2067/2067 2052/2052
f 2052/2052 2067/2067 2068/2068
f 2052/2052 2068/2068 2053/2053
f 2053/2053 2068/2068 2069/2069
f 2053/2053 2069/2069 2054/2054
f 2054/2054 2069/2069 2070/2070
f 2054/2054 2070/2070 2055/2055
f 2055/2055 2070/2070 2071/2071
f 2055/2055 2071/2071 2056/2056
f 2056/2056 2071/2071 2072/2072
f 2056/2056 2072/2072 2057/2057
f 2057/2057 2072/2072 2073/2073
f 2057/2057 2073/2073 2058/2058
f 2058/2058 2073/2073 2074/2074
f 2058/2058 2074/2074 2059/2059
f 2059/2059 2074/2074 2075/2075
f 2059/2059 2075/2075 2060/2060
f 2060/2060 2075/2075 2076/2076
f 2060/2060 2076/2076 2061/2061
f 2061/2061 2076/2076 2077/2077
f 2061/2061 2077/2077 2062/2062
f 2062/2062 2077/2077 2078/2078
f 2062/2062 2078/2078 2063/2063
f 2063/2063 2078/2078 2079/2079
f 2063/2063 2079/2079 2064/2064
f 2064/2064 2079/2079 2080/2080
f 2064/2064 2080/2080 2049/2049
f 2049/2049 2080/2080 2065/2065
f 2065/2065 2081/2081 2066/2066
f 2066/2066 2081/2081 2082/2082
f 2066/2066 2082/2082 2067/2067
f 2067/2067 2082/2082 2083/2083
f 2067/2067 2083/2083 2068/2068
f 2068/2068 2083/2083 2084/2084
f 2068/2068 2084/2084 2069/2069
f 2069/2069 2084/2084 2085/2085
f 2069/2069 2085/2085 2070/2070
f 2070/2070 2085/2085 2086/2086
f 2070/2070 2086/2086 2071/2071
f 2071/2071 2086/2086 2087/2087
f 2071/2071 2087/2087 2072/2072
f 2072/2072 2087/2087 2088/2088
f 2072/2072 2088/2088 2073/2073
f 2073/2073 2088/2088 2089/2089
f 2073/2073 2089/2089 2074/2074
f 2074/2074 2089/2089 2090/2090
f 2074/2074 2090/2090 2075/2075
f 2075/2075 2090/2090 2091/2091
f 2075/2075 2091/2091 2076/2076
f 2076/2076 2091/2091 2092/2092
f 2076/2076 2092/2092 2077/2077
f 2077/2077 2092/2092 2093/2093
f 2077/2077 2093/2093 2078/2078
f 2078/2078 2093/2093 2094/2094
f 2078/2078 2094/2094 2079/2079
f 2079/2079 2094/2094 2095/2095
f 2079/2079 2095/2095 2080/2080
f 2080/2080 2095/2095 2096/2096
f 2080/2080 2096/2096 2065/2065
f 2065/2065 2096/2096 2081/2081
f 2081/2081 2097/2097 2082/2082
f 2082/2082 2097/2097 2098/2098
f 2082/2082 2098/2098 2083/2083
f 2083/2083 2098/2098 2099/2099
f 2083/2083 2099/2099 2084/2084
f 2084/2084 2099/2099 2100/2100
f 2084/2084 2100/2100 2085/2085
f 2085/2085 2100/2100 2101/2101
f 2085/2085 2101/2101 2086/2086
f 2086/2086 2101/2101 2102/2102
f 2086/2086 2102/2102 2087/2087
f 2087/2087 2102/2102 2103/2103
f 2087/2087 2103/2103 2088/2088
f 2088/2088 2103/2103 2104/2104
f 2088/2088 2104/2104 2089/2089
f 2089/2089 2104/2104 2105/2105
f 2089/2089 2105/2105 2090/2090
f 2090/2090 2105/2105 2106/2106
f 2090/2090 2106/2106 2091/2091
f 2091/2091 2106/2106 2107/2107
f 2091/2091 2107/2107 2092/2092
f 2092/2092 2107/2107 2108/2108
f 2092/2092 2108/2108 2093/2093
f 2093/2093 2108/2108 2109/2109
f 2093/2093 2109/2109 2094/2094
f 2094/2094 2109/2109 2110/2110
f 2094/2094 2110/2110 2095/2095
f 2095/2095 2110/2110 2111/2111
f 2095/2095 2111/2111 2096/2096
f 2096/2096 2111/2111 2112/2112
f 2096/2096 2112/2112 2081/2081
f 2081/2081 2112/2112 2097/2097
f 2097/2097 2113/2113 2098/2098
f 2098/2098 2113/2113 2114/2114
f 2098/2098 2114/2114 2099/2099
f 2099/2099 2114/2114 2115/2115
f 2099/2099 2115/2115 2100/2100
f 2100/2100 2115/2115 2116/2116
f 2100/2100 2116/2116 2101/2101
f 2101/2101 2116/2116 2117/2117
f 2101/2101 2117/2117 2102/2102
f 2102/2102 2117/2117 2118/2118
f 2102/2102 2118/2118 2103/2103
f 2103/2103 2118/2118 2119/2119
f 2103/2103 2119/2119 2104/2104
f 2104/2104 2119/2119 2120/2120
f 2104/2104 2120/2120 2105/2105
f 2105/2105 2120/2120 2121/2121
f 2105/2105 2121/2121 2106/2106
f 2106/2106 2121/2121 2122/2122
f 2106/2106 2122/2122 2107/2107
f 2107/2107 2122/2122 2123/2123
f 2107/2107 2123/2123 2108/2108
f 2108/2108 2123/2123 2124/2124
f 2108/2108 2124/2124 2109/2109
f 2109/2109 2124/2124 2125/2125
f 2109/2109 2125/2125 2110/2110
f 2110/2110 2125/2125 2126/2126
f 2110/2110 2126/2126 2111/2111
f 2111/2111 2126/2126 2127/2127
f 2111/2111 2127/2127 2112/2112
f 2112/2112 2127/2127 2128/2128
f 2112/2112 2128/2128 2097/2097
f 2097/2097 2128/2128 2113/2113
f 2113/2113 2129/2129 2114/2114
f 2114/2114 2129/2129 2130/2130
f 2114/2114 2130/2130 2115/2115
f 2115/2115 2130/2130 2131/2131
f 2115/2115 2131/2131 2116/2116
f 2116/2116 2131/2131 2132/2132
f 2116/2116 2132/2132 2117/2117
f 2117/2117 2132/2132 2133/2133
f 2117/2117 2133/2133 2118/2118
f 2118/2118 2133/2133 2134/2134
f 2118/2118 2134/2134 2119/2119
f 2119/2119 2134/2134 2135/2135
f 2119/2119 2135/2135 2120/2120
f 2120/2120 2135/2135 2136/2136
f 2120/2120 2136/2136 2121/2121
f 2121/2121 2136/2136 2137/2137
f 2121/2121 2137/2137 2122/2122
f 2122/2122 2137/2137 2138/2138
f 2122/2122 2138/2138 2123/2123
f 2123/2123 2138/2138 2139/2139
f 2123/2123 2139/2139 2124/2124
f 2124/2124 2139/2139 2140/2140
f 2124/2124 2140/2140 2125/2125
f 2125/2125 2140/2140 2141/2141
f 2125/2125 2141/2141 2126/2126
f 2126/2126 2141/2141 2142/2142
f 2126/2126 2142/2142 2127/2127
f 2127/2127 2142/2142 2143/2143
f 2127/2127 2143/2143 2128/2128
f 2128/2128 2143/2143 2144/2144
f 2128/2128 2144/2144 2113/2113
f 2113/2113 2144/2144 2129/2129
f 2129/2129 2145/2145 2130/2130
f 2130/2130 2145/2145 2146/2146
f 2130/2130 2146/2146 2131/2131
f 2131/2131 2146/2146 2147/2147
f 2131/2131 2147/2147 2132/2132
f 2132/2132 2147/2147 2148/2148
f 2132/2132 2148/2148 2133/2133
f 2133/2133 2148/2148 2149/2149
f 2133/2133 2149/2149 2134/2134
f 2134/2134 2149/2149 2150/2150
f 2134/2134 2150/2150 2135/2135
f 2135/2135 2150/2150 2151/2151
f 2135/2135 2151/2151 2136/2136
f 2136/2136 2151/2151 2152/2152
f 2136/2136 2152/2152 2137/2137
f 2137/2137 2152/2152 2153/2153
f 2137/2137 2153/2153 2138/2138
f 2138/2138 2153/2153 2154/2154
f 2138/2138 2154/2154 2139/2139
f 2139/2139 2154/2154 2155/2155
f 2139/2139 2155/2155 2140/2140
f 2140/2140 2155/2155 2156/2156
f 2140/2140 2156/2156 2141/2141
f 2141/2141 2156/2156 2157/2157
f 2141/2141 2157/2157 2142/2142
f 2142/2142 2157/2157 2158/2158
f 2142/2142 2158/2158 2143/2143
f 2143/2143 2158/2158 2159/2159
f 2143/2143 2159/2159 2144/2144
f 2144/2144 2159/2159 2160/2160
f 2144/2144 2160/2160 2129/2129
f 2129/2129 2160/2160 2145/2145
f 2145/2145 2161/2161 2146/2146
f 2146/2146 2161/2161 2162/2162
f 2146/2146 2162/2162 2147/2147
f 2147/2147 2162/2162 2163/2163
f 2147/2147 2163/2163 2148/2148
f 2148/2148 2163/2163 2164/2164
f 2148/2148 2164/2164 2149/2149
f 2149/2149 2164/2164 2165/2165
f 2149/2149 2165/2165 2150/2150
f 2150/2150 2165/2165 2166/2166
f 2150/2150 2166/2166 2151/2151
f 2151/2151 2166/2166 2167/2167
f 2151/2151 2167/2167 2152/2152
f 2152/2152 2167/2167 2168/2168
f 2152/2152 2168/2168 2153/2153
f 2153/2153 2168/2168 2169/2169
f 2153/2153 2169/2169 2154/2154
f 2154/2154 2169/2169 2170/2170
f 2154/2154 2170/2170 2155/2155
f 2155/2155 2170/2170 2171/2171
f 2155/2155 2171/2171 2156/2156
f 2156/2156 2171/2171 2172/2172
f 2156/2156 2172/2172 2157/2157
f 2157/2157 2172/2172 2173/2173
f 2157/2157 2173/2173 2158/2158
f 2158/2158 2173/2173 2174/2174
f 2158/2158 2174/2174 2159/2159
f 2159/2159 2174/2174 2175/2175
f 2159/2159 2175/2175 2160/2160
f 2160/2160 2175/2175 2176/2176
f 2160/2160 2176/2176 2145/2145
f 2145/2145 2176/2176 2161/2161
f 2161/2161 2177/2177 2162/2162
f 2162/2162 2177/2177 2178/2178
f 2162/2162 2178/2178 2163/2163
f 2163/2163 2178/2178 2179/2179
f 2163/2163 2179/2179 2164/2164
f 2164/2164 2179/2179 2180/2180
f 2164/2164 2180/2180 2165/2165
f 2165/2165 2180/2180 2181/2181
f 2165/2165 2181/2181 2166/2166
f 2166/2166 2181/2181 2182/2182
f 2166/2166 2182/2182 2167/2167
f 2167/2167 2182/2182 2183/2183
f 2167/2167 2183/2183 2168/2168
f 2168/2168 2183/2183 2184/2184
f 2168/2168 2184/2184 2169/2169
f 2169/2169 2184/2184 2185/2185
f 2169/2169 2185/2185 2170/2170
f 2170/2170 2185/2185 2186/2186
f 2170/2170 2186/2186 2171/2171
f 2171/2171 2186/2186 2187/2187
f 2171/2171 2187/2187 2172/2172
f 2172/2172 2187/2187 2188/2188
f 2172/2172 2188/2188 2173/2173
f 2173/2173 2188/2188 2189/2189
f 2173/2173 2189/2189 2174/2174
f 2174/2174 2189/2189 2190/2190
f 2174/2174 2190/2190 2175/2175
f 2175/2175 2190/2190 2191/2191
f 2175/2175 2191/2191 2176/2176
f 2176/2176 2191/2191 2192/2192
f 2176/2176 2192/2192 2161/2161
f 2161/2161 2192/2192 2177/2177
f 2177/2177 2193/2193 2178/2178
f 2178/2178 2193/2193 2194/2194
f 2178/2178 2194/2194 2179/2179
f 2179/2179 2194/2194 2195/2195
f 2179/2179 2195/2195 2180/2180
f 2180/2180 2195/2195 2196/2196
f 2180/2180 2196/2196 2181/2181
f 2181/2181 2196/2196 2197/2197
f 2181/2181 2197/2197 2182/2182
f 2182/2182 2197/2197 2198/2198
f 2182/2182 2198/2198 2183/2183
f 2183/2183 2198/2198 2199/2199
f 2183/2183 2199/2199 2184/2184
f 2184/2184 2199/2199 2200/2200
f 2184/2184 2200/2200 2185/2185
f 2185/2185 2200/2200 2201/2201
f 2185/2185 2201/2201 2186/2186
f 2186/2186 2201/2201 2202/2202
f 2186/2186 2202/2202 2187/2187
f 2187/2187 2202/2202 2203/2203
f 2187/2187 2203/2203 2188/2188
f 2188/2188 2203/2203 2204/2204
f 2188/2188 2204/2204 2189/2189
f 2189/2189 2204/2204 2205/2205
f 2189/2189 2205/2205 2190/2190
f 2190/2190 2205/2205 2206/2206
f 2190/2190 2206/2206 2191/2191
f 2191/2191 2206/2206 2207/2207
f 2191/2191 2207/2207 2192/2192
f 2192/2192 2207/2207 2208/2208
f 2192/2192 2208/2208 2177/2177
f 2177/2177 2208/2208 2193/2193
f 2193/2193 2209/2209 2194/2194
f 2194/2194 2209/2209 2210/2210
f 2194/2194 2210/2210 2195/2195
f 2195/2195 2210/2210 2211/2211
f 2195/2195 2211/2211 2196/2196
f 2196/2196 2211/2211 2212/2212
f 2196/2196 2212/2212 2197/2197
f 2197/2197 2212/2212 2213/2213
f 2197/2197 2213/2213 2198/2198
f 2198/2198 2213/2213 2214/2214
f 2198/2198 2214/2214 2199/2199
f 2199/2199 2214/2214 2215/2215
f 2199/2199 2215/2215 2200/2200
f 2200/2200 2215/2215 2216/2216
f 2200/2200 2216/2216 2201/2201
f 2201/2201 2216/2216 2217/2217
f 2201/2201 2217/2217 2202/2202
f 2202/2202 2217/2217 2218/2218
f 2202/2202 2218/2218 2203/2203
f 2203/2203 2218/2218 2219/2219
f 2203/2203 2219/2219 2204/2204
f 2204/2204 2219/2219 2220/2220
f 2204/2204 2220/2220 2205/2205
f 2205/2205 2220/2220 2221/2221
f 2205/2205 2221/2221 2206/2206
f 2206/2206 2221/2221 2222/2222
f 2206/2206 2222/2222 2207/2207
f 2207/2207 2222/2222 2223/2223
f 2207/2207 2223/2223 2208/2208
f 2208/2208 2223/2223 2224/2224
f 2208/2208 2224/2224 2193/2193
f 2193/2193 2224/2224 2209/2209
f 2209/2209 2225/2225 2210/2210
f 2210/2210 2225/2225 2226/2226
f 2210/2210 2226/2226 2211/2211
f 2211/2211 2226/2226 2227/2227
f 2211/2211 2227/2227 2212/2212
f 2212/2212 2227/2227 2228/2228
f 2212/2212 2228/2228 2213/2213
f 2213/2213 2228/2228 2229/2229
f 2213/2213 2229/2229 2214/2214
f 2214/2214 2229/2229 2230/2230
f 2214/2214 2230/2230 2215/2215
f 2215/2215 2230/2230 2231/2231
f 2215/2215 2231/2231 2216/2216
f 2216/2216 2231/2231 2232/2232
f 2216/2216 2232/2232 2217/2217
f 2217/2217 2232/2232 2233/2233
f 2217/2217 2233/2233 2218/2218
f 2218/2218 2233/2233 2234/2234
f 2218/2218 2234/2234 2219/2219
f 2219/2219 2234/2234 2235/2235
f 2219/2219 2235/2235 2220/2220
f 2220/2220 2235/2235 2236/2236
f 2220/2220 2236/2236 2221/2221
f 2221/2221 2236/2236 2237/2237
f 2221/2221 2237/2237 2222/2222
f 2222/2222 2237/2237 2238/2238
f 2222/2222 2238/2238 2223/2223
f 2223/2223 2238/2238 2239/2239
f 2223/2223 2239/2239 2224/2224
f 2224/2224 2239/2239 2240/2240
f 2224/2224 2240/2240 2209/2209
f 2209/2209 2240/2240 2225/2225
f 2225/2225 2241/2241 2226/2226
f 2226/2226 2241/2241 2242/2242
f 2226/2226 2242/2242 2227/2227
f 2227/2227 2242/2242 2243/2243
f 2227/2227 2243/2243 2228/2228
f 2228/2228 2243/2243 2244/2244
f 2228/2228 2244/2244 2229/2229
f 2229/2229 2244/2244 2245/2245
f 2229/2229 2245/2245 2230/2230
f 2230/2230 2245/2245 2246/2246
f 2230/2230 2246/2246 2231/2231
f 2231/2231 2246/2246 2247/2247
f 2231/2231 2247/2247 2232/2232
f 2232/2232 2247/2247 2248/2248
f 2232/2232 2248/2248 2233/2233
f 2233/2233 2248/2248 2249/2249
f 2233/2233 2249/2249 2234/2234
f 2234/2234 2249/2249 2250/2250
f 2234/2234 2250/2250 2235/2235
f 2235/2235 2250/2250 2251/2251
f 2235/2235 2251/2251 2236/2236
f 2236/2236 2251/2251 2252/2252
f 2236/2236 2252/2252 2237/2237
f 2237/2237 2252/2252 2253/2253
f 2237/2237 2253/2253 2238/2238
f 2238/2238 2253/2253 2254/2254
f 2238/2238 2254/2254 2239/2239
f 2239/2239 2254/2254 2255/2255
f 2239/2239 2255/2255 2240/2240
f 2240/2240 2255/2255 2256/2256
f 2240/2240 2256/2256 2225/2225
f 2225/2225 2256/2256 2241/2241
f 2241/2241 2257/2257 2242/2242
f 2242/2242 2257/2257 2258/2258
f 2242/2242 2258/2258 2243/2243
f 2243/2243 2258/2258 2259/2259
f 2243/2243 2259/2259 2244/2244
f 2244/2244 2259/2259 2260/2260
f 2244/2244 2260/2260 2245/2245
f 2245/2245 2260/2260 2261/2261
f 2245/2245 2261/2261 2246/2246
f 2246/2246 2261/2261 2262/2262
f 2246/2246 2262/2262 2247/2247
f 2247/2247 2262/2262 2263/2263
f 2247/2247 2263/2263 2248/2248
f 2248/2248 2263/2263 2264/2264
f 2248/2248 2264/2264 2249/2249
f 2249/2249 2264/2264 2265/2265
f 2249/2249 2265/2265 2250/2250
f 2250/2250 2265/2265 2266/2266
f 2250/2250 2266/2266 2251/2251
f 2251/2251 2266/2266 2267/2267
f 2251/2251 2267/2267 2252/2252
f 2252/2252 2267/2267 2268/2268
f 2252/2252 2268/2268 2253/2253
f 2253/2253 2268/2268 2269/2269
f 2253/2253 2269/2269 2254/2254
f 2254/2254 2269/2269 2270/2270
f 2254/2254 2270/2270 2255/2255
f 2255/2255 2270/2270 2271/2271
f 2255/2255 2271/2271 2256/2256
f 2256/2256 2271/2271 2272/2272
f 2256/2256 2272/2272 2241/2241
f 2241/2241 2272/2272 2257/2257
f 2257/2257 2273/2273 2258/2258
f 2258/2258 2273/2273 2274/2274
f 2258/2258 2274/2274 2259/2259
f 2259/2259 2274/2274 2275/2275
f 2259/2259 2275/2275 2260/2260
f 2260/2260 2275/2275 2276/2276
f 2260/2260 2276/2276 2261/2261
f 2261/2261 2276/2276 2277/2277
f 2261/2261 2277/2277 2262/2262
f 2262/2262 2277/2277 2278/2278
f 2262/2262 2278/2278 2263/2263
f 2263/2263 2278/2278 2279/2279
f 2263/2263 2279/2279 2264/2264
f 2264/2264 2279/2279 2280/2280
f 2264/2264 2280/2280 2265/2265
f 2265/2265 2280/2280 2281/2281
f 2265/2265 2281/2281 2266/2266
f 2266/2266 2281/2281 2282/2282
f 2266/2266 2282/2282 2267/2267
f 2267/2267 2282/2282 2283/2283
f 2267/2267 2283/2283 2268/2268
f 2268/2268 2283/2283 2284/2284
f 2268/2268 2284/2284 2269/2269
f 2269/2269 2284/2284 2285/2285
f 2269/2269 2285/2285 2270/2270
f 2270/2270 2285/2285 2286/2286
f 2270/2270 2286/2286 2271/2271
f 2271/2271 2286/2286 2287/2287
f 2271/2271 2287/2287 2272/2272
f 2272/2272 2287/2287 2288/2288
f 2272/2272 2288/2288 2257/2257
f 2257/2257 2288/2288 2273/2273
f 2273/2273 2289/2289 2274/2274
f 2274/2274 2289/2289 2290/2290
f 2274/2274 2290/2290 2275/2275
f 2275/2275 2290/2290 2291/2291
f 2275/2275 2291/2291 2276/2276
f 2276/2276 2291/2291 2292/2292
f 2276/2276 2292/2292 2277/2277
f 2277/2277 2292/2292 2293/2293
f 2277/2277 2293/2293 2278/2278
f 2278/2278 2293/2293 2294/2294
f 2278/2278 2294/2294 2279/2279
f 2279/2279 2294/2294 2295/2295
f 2279/2279 2295/2295 2280/2280
f 2280/2280 2295/2295 2296/2296
f 2280/2280 2296/2296 2281/2281
f 2281/2281 2296/2296 2297/2297
f 2281/2281 2297/2297 2282/2282
f 2282/2282 2297/2297 2298/2298
f 2282/2282 2298/2298 2283/2283
f 2283/2283 2298/2298 2299/2299
f 2283/2283 2299/2299 2284/2284
f 2284/2284 2299/2299 2300/2300
f 2284/2284 2300/2300 2285/2285
f 2285/2285 2300/2300 2301/2301
f 2285/2285 2301/2301 2286/2286
f 2286/2286 2301/2301 2302/2302
f 2286/2286 2302/2302 2287/2287
f 2287/2287 2302/2302 2303/2303
f 2287/2287 2303/2303 2288/2288
f 2288/2288 2303/2303 2304/2304
f 2288/2288 2304/2304 2273/2273
f 2273/2273 2304/2304 2289/2289
f 2289/2289 2305/2305 2290/2290
f 2290/2290 2305/2305 2306/2306
f 2290/2290 2306/2306 2291/2291
f 2291/2291 2306/2306 2307/2307
f 2291/2291 2307/2307 2292/2292
f 2292/2292 2307/2307 2308/2308
f 2292/2292 2308/2308 2293/2293
f 2293/2293 2308/2308 2309/2309
f 2293/2293 2309/2309 2294/2294
f 2294/2294 2309/2309 2310/2310
f 2294/2294 2310/2310 2295/2295
f 2295/2295 2310/2310 2311/2311
f 2295/2295 2311/2311 2296/2296
f 2296/2296 2311/2311 2312/2312
f 2296/2296 2312/2312 2297/2297
f 2297/2297 2312/2312 2313/2313
f 2297/2297 2313/2313 2298/2298
f 2298/2298 2313/2313 2314/2314
f 2298/2298 2314/2314 2299/2299
f 2299/2299 2314/2314 2315/2315
f 2299/2299 2315/2315 2300/2300
f 2300/2300 2315/2315 2316/2316
f 2300/2300 2316/2316 2301/2301
f 2301/2301 2316/2316 2317/2317
f 2301/2301 2317/2317 2302/2302
f 2302/2302 2317/2317 2318/2318
f 2302/2302 2318/2318 2303/2303
f 2303/2303 2318/2318 2319/2319
f 2303/2303 2319/2319 2304/2304
f 2304/2304 2319/2319 2320/2320
f 2304/2304 2320/2320 2289/2289
f 2289/2289 2320/2320 2305/2305
f 2305/2305 2321/2321 2306/2306
f 2306/2306 2321/2321 2322/2322
f 2306/2306 2322/2322 2307/2307
f 2307/2307 2322/2322 2323/2323
f 2307/2307 2323/2323 2308/2308
f 2308/2308 2323/2323 2324/2324
f 2308/2308 2324/2324 2309/2309
f 2309/2309 2324/2324 2325/2325
f 2309/2309 2325/2325 2310/2310
f 2310/2310 2325/2325 2326/2326
f 2310/2310 2326/2326 2311/2311
f 2311/2311 2326/2326 2327/2327
f 2311/2311 2327/2327 2312/2312
f 2312/2312 2327/2327 2328/2328
f 2312/2312 2328/2328 2313/2313
f 2313/2313 2328/2328 2329/2329
f 2313/2313 2329/2329 2314/2314
f 2314/2314 2329/2329 2330/2330
f 2314/2314 2330/2330 2315/2315
f 2315/2315 2330/2330 2331/2331
f 2315/2315 2331/2331 2316/2316
f 2316/2316 2331/2331 2332/2332
f 2316/2316 2332/2332 2317/2317
f 2317/2317 2332/2332 2333/2333
f 2317/2317 2333/2333 2318/2318
f 2318/2318 2333/2333 2334/2334
f 2318/2318 2334/2334 2319/2319
f 2319/2319 2334/2334 2335/2335
f 2319/2319 2335/2335 2320/2320
f 2320/2320 2335/2335 2336/2336
f 2320/2320 2336/2336 2305/2305
f 2305/2305 2336/2336 2321/2321
f 2321/2321 2337/2337 2322/2322
f 2322/2322 2337/2337 2338/2338
f 2322/2322 2338/2338 2323/2323
f 2323/2323 2338/2338 2339/2339
f 2323/2323 2339/2339 2324/2324
f 2324/2324 2339/2339 2340/2340
f 2324/2324 2340/2340 2325/2325
f 2325/2325 2340/2340 2341/2341
f 2325/2325 2341/2341 2326/2326
f 2326/2326 2341/2341 2342/2342
f 2326/2326 2342/2342 2327/2327
f 2327/2327 2342/2342 2343/2343
f 2327/2327 2343/2343 2328/2328
f 2328/2328 2343/2343 2344/2344
f 2328/2328 2344/2344 2329/2329
f 2329/2329 2344/2344 2345/2345
f 2329/2329 2345/2345 2330/2330
f 2330/2330 2345/2345 2346/2346
f 2330/2330 2346/2346 2331/2331
f 2331/2331 2346/2346 2347/2347
f 2331/2331 2347/2347 2332/2332
f 2332/2332 2347/2347 2348/2348
f 2332/2332 2348/2348 2333/2333
f 2333/2333 2348/2348 2349/2349
f 2333/2333 2349/2349 2334/2334
f 2334/2334 2349/2349 2350/2350
f 2334/2334 2350/2350 2335/2335
f 2335/2335 2350/2350 2351/2351
f 2335/2335 2351/2351 2336/2336
f 2336/2336 2351/2351 2352/2352
f 2336/2336 2352/2352 2321/2321
f 2321/2321 2352/2352 2337/2337
f 2337/2337 2353/2353 2338/2338
f 2338/2338 2353/2353 2354/2354
f 2338/2338 2354/2354 2339/2339
f 2339/2339 2354/2354 2355/2355
f 2339/2339 2355/2355 2340/2340
f 2340/2340 2355/2355 2356/2356
f 2340/2340 2356/2356 2341/2341
f 2341/2341 2356/2356 2357/2357
f 2341/2341 2357/2357 2342/2342
f 2342/2342 2357/2357 2358/2358
f 2342/2342 2358/2358 2343/2343
f 2343/2343 2358/2358 2359/2359
f 2343/2343 2359/2359 2344/2344
f 2344/2344 2359/2359 2360/2360
f 2344/2344 2360/2360 2345/2345
f 2345/2345 2360/2360 2361/2361
f 2345/2345 2361/2361 2346/2346
f 2346/2346 2361/2361 2362/2362
f 2346/2346 2362/2362 2347/2347
f 2347/2347 2362/2362 2363/2363
f 2347/2347 2363/2363 2348/2348
f 2348/2348 2363/2363 2364/2364
f 2348/2348 2364/2364 2349/2349
f 2349/2349 2364/2364 2365/2365
f 2349/2349 2365/2365 2350/2350
f 2350/2350 2365/2365 2366/2366
f 2350/2350 2366/2366 2351/2351
f 2351/2351 2366/2366 2367/2367
f 2351/2351 2367/2367 2352/2352
f 2352/2352 2367/2367 2368/2368
f 2352/2352 2368/2368 2337/2337
f 2337/2337 2368/2368 2353/2353
f 2353/2353 2369/2369 2354/2354
f 2354/2354 2369/2369 2370/2370
f 2354/2354 2370/2370 2355/2355
f 2355/2355 2370/2370 2371/2371
f 2355/2355 2371/2371 2356/2356
f 2356/2356 2371/2371 2372/2372
f 2356/2356 2372/2372 2357/2357
f 2357/2357 2372/2372 2373/2373
f 2357/2357 2373/2373 2358/2358
f 2358/2358 2373/2373 2374/2374
f 2358/2358 2374/2374 2359/2359
f 2359/2359 2374/2374 2375/2375
f 2359/2359 2375/2375 2360/2360
f 2360/2360 2375/2375 2376/2376
f 2360/2360 2376/2376 2361/2361
f 2361/2361 2376/2376 2377/2377
f 2361/2361 2377/2377 2362/2362
f 2362/2362 2377/2377 2378/2378
f 2362/2362 2378/2378 2363/2363
f 2363/2363 2378/2378 2379/2379
f 2363/2363 2379/2379 2364/2364
f 2364/2364 2379/2379 2380/2380
f 2364/2364 2380/2380 2365/2365
f 2365/2365 2380/2380 2381/2381
f 2365/2365 2381/2381 2366/2366
f 2366/2366 2381/2381 2382/2382
f 2366/2366 2382/2382 2367/2367
f 2367/2367 2382/2382 2383/2383
f 2367/2367 2383/2383 2368/2368
f 2368/2368 2383/2383 2384/2384
f 2368/2368 2384/2384 2353/2353
f 2353/2353 2384/2384 2369/2369
f 2369/2369 2385/2385 2370/2370
f 2370/2370 2385/2385 2386/2386
f 2370/2370 2386/2386 2371/2371
f 2371/2371 2386/2386 2387/2387
f 2371/2371 2387/2387 2372/2372
f 2372/2372 2387/2387 2388/2388
f 2372/2372 2388/2388 2373/2373
f 2373/2373 2388/2388 2389/2389
f 2373/2373 2389/2389 2374/2374
f 2374/2374 2389/2389 2390/2390
f 2374/2374 2390/2390 2375/2375
f 2375/2375 2390/2390 2391/2391
f 2375/2375 2391/2391 2376/2376
f 2376/2376 2391/2391 2392/2392
f 2376/2376 2392/2392 2377/2377
f 2377/2377 2392/2392 2393/2393
f 2377/2377 2393/2393 2378/2378
f 2378/2378 2393/2393 2394/2394
f 2378/2378 2394/2394 2379/2379
f 2379/2379 2394/2394 2395/2395
f 2379/2379 2395/2395 2380/2380
f 2380/2380 2395/2395 2396/2396
f 2380/2380 2396/2396 2381/2381
f 2381/2381 2396/2396 2397/2397
f 2381/2381 2397/2397 2382/2382
f 2382/2382 2397/2397 2398/2398
f 2382/2382 2398/2398 2383/2383
f 2383/2383 2398/2398 2399/2399
f 2383/2383 2399/2399 2384/2384
f 2384/2384 2399/2399 2400/2400
f 2384/2384 2400/2400 2369/2369
f 2369/2369 2400/2400 2385/2385
f 2385/2385 2401/2401 2386/2386
f 2386/2386 2401/2401 2402/2402
f 2386/2386 2402/2402 2387/2387
f 2387/2387 2402/2402 2403/2403
f 2387/2387 2403/2403 2388/2388
f 2388/2388 2403/2403 2404/2404
f 2388/2388 2404/2404 2389/2389
f 2389/2389 2404/2404 2405/2405
f 2389/2389 2405/2405 2390/2390
f 2390/2390 2405/2405 2406/2406
f 2390/2390 2406/2406 2391/2391
f 2391/2391 2406/2406 2407/2407
f 2391/2391 2407/2407 2392/2392
f 2392/2392 2407/2407 2408/2408
f 2392/2392 2408/2408 2393/2393
f 2393/2393 2408/2408 2409/2409
f 2393/2393 2409/2409 2394/2394
f 2394/2394 2409/2409 2410/2410
f 2394/2394 2410/2410 2395/2395
f 2395/2395 2410/2410 2411/2411
f 2395/2395 2411/2411 2396/2396
f 2396/2396 2411/2411 2412/2412
f 2396/2396 2412/2412 2397/2397
f 2397/2397 2412/2412 2413/2413
f 2397/2397 2413/2413 2398/2398
f 2398/2398 2413/2413 2414/2414
f 2398/2398 2414/2414 2399/2399
f 2399/2399 2414/2414 2415/2415
f 2399/2399 2415/2415 2400/2400
f 2400/2400 2415/2415 2416/2416
f 2400/2400 2416/2416 2385/2385
f 2385/2385 2416/2416 2401/2401
f 2401/2401 2417/2417 2402/2402
f 2402/2402 2417/2417 2418/2418
f 2402/2402 2418/2418 2403/2403
f 2403/2403 2418/2418 2419/2419
f 2403/2403 2419/2419 2404/2404
f 2404/2404 2419/2419 2420/2420
f 2404/2404 2420/2420 2405/2405
f 2405/2405 2420/2420 2421/2421
f 2405/2405 2421/2421 2406/2406
f 2406/2406 2421/2421 2422/2422
f 2406/2406 2422/2422 2407/2407
f 2407/2407 2422/2422 2423/2423
f 2407/2407 2423/2423 2408/2408
f 2408/2408 2423/2423 2424/2424
f 2408/2408 2424/2424 2409/2409
f 2409/2409 2424/2424 2425/2425
f 2409/2409 2425/2425 2410/2410
f 2410/2410 2425/2425 2426/2426
f 2410/2410 2426/2426 2411/2411
f 2411/2411 2426/2426 2427/2427
f 2411/2411 2427/2427 2412/2412
f 2412/2412 2427/2427 2428/2428
f 2412/2412 2428/2428 2413/2413
f 2413/2413 2428/2428 2429/2429
f 2413/2413 2429/2429 2414/2414
f 2414/2414 2429/2429 2430/2430
f 2414/2414 2430/2430 2415/2415
f 2415/2415 2430/2430 2431/2431
f 2415/2415 2431/2431 2416/2416
f 2416/2416 2431/2431 2432/2432
f 2416/2416 2432/2432 2401/2401
f 2401/2401 2432/2432 2417/2417
f 2417/2417 2433/2433 2418/2418
f 2418/2418 2433/2433 2434/2434
f 2418/2418 2434/2434 2419/2419
f 2419/2419 2434/2434 2435/2435
f 2419/2419 2435/2435 2420/2420
f 2420/2420 2435/2435 2436/2436
f 2420/2420 2436/2436 2421/2421
f 2421/2421 2436/2436 2437/2437
f 2421/2421 2437/2437 2422/2422
f 2422/2422 2437/2437 2438/2438
f 2422/2422 2438/2438 2423/2423
f 2423/2423 2438/2438 2439/2439
f 2423/2423 2439/2439 2424/2424
f 2424/2424 2439/2439 2440/2440
f 2424/2424 2440/2440 2425/2425
f 2425/2425 2440/2440 2441/2441
f 2425/2425 2441/2441 2426/2426
f 2426/2426 2441/2441 2442/2442
f 2426/2426 2442/2442 2427/2427
f 2427/2427 2442/2442 2443/2443
f 2427/2427 2443/2443 2428/2428
f 2428/2428 2443/2443 2444/2444
f 2428/2428 2444/2444 2429/2429
f 2429/2429 2444/2444 2445/2445
f 2429/2429 2445/2445 2430/2430
f 2430/2430 2445/2445 2446/2446
f 2430/2430 2446/2446 2431/2431
f 2431/2431 2446/2446 2447/2447
f 2431/2431 2447/2447 2432/2432
f 2432/2432 2447/2447 2448/2448
f 2432/2432 2448/2448 2417/2417
f 2417/2417 2448/2448 2433/2433
f 2433/2433 2449/2449 2434/2434
f 2434/2434 2449/2449 2450/2450
f 2434/2434 2450/2450 2435/2435
f 2435/2435 2450/2450 2451/2451
f 2435/2435 2451/2451 2436/2436
f 2436/2436 2451/2451 2452/2452
f 2436/2436 2452/2452 2437/2437
f 2437/2437 2452/2452 2453/2453
f 2437/2437 2453/2453 2438/2438
f 2438/2438 2453/2453 2454/2454
f 2438/2438 2454/2454 2439/2439
f 2439/2439 2454/2454 2455/2455
f 2439/2439 2455/2455 2440/2440
f 2440/2440 2455/2455 2456/2456
f 2440/2440 2456/2456 2441/2441
f 2441/2441 2456/2456 2457/2457
f 2441/2441 2457/2457 2442/2442
f 2442/2442 2457/2457 2458/2458
f 2442/2442 2458/2458 2443/2443
f 2443/2443 2458/2458 2459/2459
f 2443/2443 2459/2459 2444/2444
f 2444/2444 2459/2459 2460/2460
f 2444/2444 2460/2460 2445/2445
f 2445/2445 2460/2460 2461/2461
f 2445/2445 2461/2461 2446/2446
f 2446/2446 2461/2461 2462/2462
f 2446/2446 2462/2462 2447/2447
f 2447/2447 2462/2462 2463/2463
f 2447/2447 2463/2463 2448/2448
f 2448/2448 2463/2463 2464/2464
f 2448/2448 2464/2464 2433/2433
f 2433/2433 2464/2464 2449/2449
f 2449/2449 2465/2465 2450/2450
f 2450/2450 2465/2465 2466/2466
f 2450/2450 2466/2466 2451/2451
f 2451/2451 2466/2466 2467/2467
f 2451/2451 2467/2467 2452/2452
f 2452/2452 2467/2467 2468/2468
f 2452/2452 2468/2468 2453/2453
f 2453/2453 2468/2468 2469/2469
f 2453/2453 2469/2469 2454/2454
f 2454/2454 2469/2469 2470/2470
f 2454/2454 2470/2470 2455/2455
f 2455/2455 2470/2470 2471/2471
f 2455/2455 2471/2471 2456/2456
f 2456/2456 2471/2471 2472/2472
f 2456/2456 2472/2472 2457/2457
f 2457/2457 2472/2472 2473/2473
f 2457/2457 2473/2473 2458/2458
f 2458/2458 2473/2473 2474/2474
f 2458/2458 2474/2474 2459/2459
f 2459/2459 2474/2474 2475/2475
f 2459/2459 2475/2475 2460/2460
f 2460/2460 2475/2475 2476/2476
f 2460/2460 2476/2476 2461/2461
f 2461/2461 2476/2476 2477/2477
f 2461/2461 2477/2477 2462/2462
f 2462/2462 2477/2477 2478/2478
f 2462/2462 2478/2478 2463/2463
f 2463/2463 2478/2478 2479/2479
f 2463/2463 2479/2479 2464/2464
f 2464/2464 2479/2479 2480/2480
f 2464/2464 2480/2480 2449/2449
f 2449/2449 2480/2480 2465/2465
f 2465/2465 2481/2481 2466/2466
f 2466/2466 2481/2481 2482/2482
f 2466/2466 2482/2482 2467/2467
f 2467/2467 2482/2482 2483/2483
f 2467/2467 2483/2483 2468/2468
f 2468/2468 2483/2483 2484/2484
f 2468/2468 2484/2484 2469/2469
f 2469/2469 2484/2484 2485/2485
f 2469/2469 2485/2485 2470/2470
f 2470/2470 2485/2485 2486/2486
f 2470/2470 2486/2486 2471/2471
f 2471/2471 2486/2486 2487/2487
f 2471/2471 2487/2487 2472/2472
f 2472/2472 2487/2487 2488/2488
f 2472/2472 2488/2488 2473/2473
f 2473/2473 2488/2488 2489/2489
f 2473/2473 2489/2489 2474/2474
f 2474/2474 2489/2489 2490/2490
f 2474/2474 2490/2490 2475/2475
f 2475/2475 2490/2490 2491/2491
f 2475/2475 2491/2491 2476/2476
f 2476/2476 2491/2491 2492/2492
f 2476/2476 2492/2492 2477/2477
f 2477/2477 2492/2492 2493/2493
f 2477/2477 2493/2493 2478/2478
f 2478/2478 2493/2493 2494/2494
f 2478/2478 2494/2494 2479/2479
f 2479/2479 2494/2494 2495/2495
f 2479/2479 2495/2495 2480/2480
f 2480/2480 2495/2495 2496/2496
f 2480/2480 2496/2496 2465/2465
f 2465/2465 2496/2496 2481/2481
f 2481/2481 2497/2497 2482/2482
f 2482/2482 2497/2497 2498/2498
f 2482/2482 2498/2498 2483/2483
f 2483/2483 2498/2498 2499/2499
f 2483/2483 2499/2499 2484/2484
f 2484/2484 2499/2499 2500/2500
f 2484/2484 2500/2500 2485/2485
f 2485/2485 2500/2500 2501/2501
f 2485/2485 2501/2501 2486/2486
f 2486/2486 2501/2501 2502/2502
f 2486/2486 2502/2502 2487/2487
f 2487/2487 2502/2502 2503/2503
f 2487/2487 2503/2503 2488/2488
f 2488/2488 2503/2503 2504/2504
f 2488/2488 2504/2504 2489/2489
f 2489/2489 2504/2504 2505/2505
f 2489/2489 2505/2505 2490/2490
f 2490/2490 2505/2505 2506/2506
f 2490/2490 2506/2506 2491/2491
f 2491/2491 2506/2506 2507/2507
f 2491/2491 2507/2507 2492/2492
f 2492/2492 2507/2507 2508/2508
f 2492/2492 2508/2508 2493/2493
f 2493/2493 2508/2508 2509/2509
f 2493/2493 2509/2509 2494/2494
f 2494/2494 2509/2509 2510/2510
f 2494/2494 2510/2510 2495/2495
f 2495/2495 2510/2510 2511/2511
f 2495/2495 2511/2511 2496/2496
f 2496/2496 2511/2511 2512/2512
f 2496/2496 2512/2512 2481/2481
f 2481/2481 2512/2512 2497/2497
f 2497/2497 2513/2513 2498/2498
f 2498/2498 2513/2513 2514/2514
f 2498/2498 2514/2514 2499/2499
f 2499/2499 2514/2514 2515/2515
f 2499/2499 2515/2515 2500/2500
f 2500/2500 2515/2515 2516/2516
f 2500/2500 2516/2516 2501/2501
f 2501/2501 2516/2516 2517/2517
f 2501/2501 2517/2517 2502/2502
f 2502/2502 2517/2517 2518/2518
f 2502/2502 2518/2518 2503/2503
f 2503/2503 2518/2518 2519/2519
f 2503/2503 2519/2519 2504/2504
f 2504/2504 2519/2519 2520/2520
f 2504/2504 2520/2520 2505/2505
f 2505/2505 2520/2520 2521/2521
f 2505/2505 2521/2521 2506/2506
f 2506/2506 2521/2521 2522/2522
f 2506/2506 2522/2522 2507/2507
f 2507/2507 2522/2522 2523/2523
f 2507/2507 2523/2523 2508/2508
f 2508/2508 2523/2523 2524/2524
f 2508/2508 2524/2524 2509/2509
f 2509/2509 2524/2524 2525/2525
f 2509/2509 2525/2525 2510/2510
f 2510/2510 2525/2525 2526/2526
f 2510/2510 2526/2526 2511/2511
f 2511/2511 2526/2526 2527/2527
f 2511/2511 2527/2527 2512/2512
f 2512/2512 2527/2527 2528/2528
f 2512/2512 2528/2528 2497/2497
f 2497/2497 2528/2528 2513/2513
f 2513/2513 2529/2529 2514/2514
f 2514/2514 2529/2529 2530/2530
f 2514/2514 2530/2530 2515/2515
f 2515/2515 2530/2530 2531/2531
f 2515/2515 2531/2531 2516/2516
f 2516/2516 2531/2531 2532/2532
f 2516/2516 2532/2532 2517/2517
f 2517/2517 2532/2532 2533/2533
f 2517/2517 2533/2533 2518/2518
f 2518/2518 2533/2533 2534/2534
f 2518/2518 2534/2534 2519/2519
f 2519/2519 2534/2534 2535/2535
f 2519/2519 2535/2535 2520/2520
f 2520/2520 2535/2535 2536/2536
f 2520/2520 2536/2536 2521/2521
f 2521/2521 2536/2536 2537/2537
f 2521/2521 2537/2537 2522/2522
f 2522/2522 2537/2537 2538/2538
f 2522/2522 2538/2538 2523/2523
f 2523/2523 2538/2538 2539/2539
f 2523/2523 2539/2539 2524/2524
f 2524/2524 2539/2539 2540/2540
f 2524/2524 2540/2540 2525/2525
f 2525/2525 2540/2540 2541/2541
f 2525/2525 2541/2541 2526/2526
f 2526/2526 2541/2541 2542/2542
f 2526/2526 2542/2542 2527/2527
f 2527/2527 2542/2542 2543/2543
f 2527/2527 2543/2543 2528/2528
f 2528/2528 2543/2543 2544/2544
f 2528/2528 2544/2544 2513/2513
f 2513/2513 2544/2544 2529/2529
f 2529/2529 2545/2545 2530/2530
f 2530/2530 2545/2545 2546/2546
f 2530/2530 2546/2546 2531/2531
f 2531/2531 2546/2546 2547/2547
f 2531/2531 2547/2547 2532/2532
f 2532/2532 2547/2547 2548/2548
f 2532/2532 2548/2548 2533/2533
f 2533/2533 2548/2548 2549/2549
f 2533/2533 2549/2549 2534/2534
f 2534/2534 2549/2549 2550/2550
f 2534/2534 2550/2550 2535/2535
f 2535/2535 2550/2550 2551/2551
f 2535/2535 2551/2551 2536/2536
f 2536/2536 2551/2551 2552/2552
f 2536/2536 2552/2552 2537/2537
f 2537/2537 2552/2552 2553/2553
f 2537/2537 2553/2553 2538/2538
f 2538/2538 2553/2553 2554/2554
f 2538/2538 2554/2554 2539/2539
f 2539/2539 2554/2554 2555/2555
f 2539/2539 2555/2555 2540/2540
f 2540/2540 2555/2555 2556/2556
f 2540/2540 2556/2556 2541/2541
f 2541/2541 2556/2556 2557/2557
f 2541/2541 2557/2557 2542/2542
f 2542/2542 2557/2557 2558/2558
f 2542/2542 2558/2558 2543/2543
f 2543/2543 2558/2558 2559/2559
f 2543/2543 2559/2559 2544/2544
f 2544/2544 2559/2559 2560/2560
f 2544/2544 2560/2560 2529/2529
f 2529/2529 2560/2560 2545/2545
